,AAA Organization Name,AAA Year Found,activityormissiondesc,votingmembersgoverningbodycnt,votingmembersindependentcnt,totalemployeecnt,totalvolunteerscnt,totalgrossubiamt,pycontributionsgrantsamt,cycontributionsgrantsamt,cyprogramservicerevenueamt,pyinvestmentincomeamt,cyinvestmentincomeamt,pyotherrevenueamt,cyotherrevenueamt,pytotalrevenueamt,cytotalrevenueamt,pygrantsandsimilarpaidamt,cygrantsandsimilarpaidamt,cybenefitspaidtomembersamt,pysalariescompempbnftpaidamt,cysalariescompempbnftpaidamt,cytotalproffndrsngexpnsamt,cytotalfundraisingexpenseamt,pyotherexpensesamt,cyotherexpensesamt,pytotalexpensesamt,cytotalexpensesamt,pyrevenueslessexpensesamt,cyrevenueslessexpensesamt,totalassetsboyamt,totalassetseoyamt,totalliabilitiesboyamt,totalliabilitieseoyamt,netassetsorfundbalancesboyamt,netassetsorfundbalanceseoyamt
0,826DC,2018,826DC is a nonprofit organization dedicated to working with students ages 6-18 in developing their creative and expository writing skills and to working with teachers to inspire their students to write.,12,11,6,250,-17108,475368,669012,1750,57,5,-22156,35098,453269,705865,HEADERFILL-NULL,0,0,303191,333459,0,176517,353018,271149,656209,604608,-202940,101257,261671,350120,285088,272280,-23417,77840
0,826DC,2017,826DC is a nonprofit organization dedicated to working with students ages 6-18 in developing their creative and expository writing skills and to working with teachers to inspire their students to write.,14,14,6,200,-32913,659632,475368,0,447,57,-8553,-22156,652463,453269,HEADERFILL-NULL,0,0,233113,303191,0,199680,279955,353018,513068,656209,139395,-202940,320828,261671,141305,285088,179523,-23417
0,826DC,2016,"826DC is dedicated to supporting students ages 6-18 with their creative and expository writing skills, and to helping teachers inspire their students to write. Great leaps in learning can happen with one-on-one attention, and strong writing skills are fundamental to success.",11,11,5,HEADERFILL-NULL,-13540,430303,659632,937,HEADERFILL-NULL,447,-30724,-8553,399579,652463,HEADERFILL-NULL,0,0,118568,233113,0,132691,231675,279955,356243,513068,43336,139395,126095,320828,105108,141305,20987,179523
0,After-School All-Stars,2017,PROVIDING QUALITY AFTER-SCHOOL PROGRAMMING FOR AT-RISK MIDDLE SCHOOL YOUTH IN HAWAII'S PUBLIC MIDDLE SCHOOLS,11,10,156,199,0,1641054,1243121,0,0,0,107888,85034,1748942,1328155,0,0,0,1118164,1236739,0,131350,275335,394022,1393499,1630761,355443,-302606,1654883,1375559,71419,94701,1583464,1280858
0,After-School All-Stars,2016,TO BENEFIT AND ENCOURAGE THE HEALTH AND PROSPERITY OF CHILDREN (PARTICULARLY AT-RISK AND DISADVANTAGED CHILDREN) THROUGHOUT THE SAN ANTONIO AREA.,17,17,242,25,0,1277805,933633,0,398,433,-20028,-25238,1258175,908828,0,0,0,1005211,678383,0,0,218737,130591,1223948,808974,34227,99854,821459,927582,55062,61331,766397,866251
0,After-School All-Stars,2015,"THE GREATER LAS VEGAS AFTER-SCHOOL ALL-STARS (D/B/A AFTER-SCHOOL ALL-STARS LAS VEGAS) PROVIDES FREE COMPREHENSIVE OUT-OF-SCHOOL PROGRAMS THAT KEEP CHILDREN SAFE AND HELP THEM SUCCEED IN SCHOOL AND IN LIFE. THE AFTER-SCHOOL ALL-STARS LAS VEGAS PROVIDES ENGAGING AFTER-SCHOOL ACTIVITIES AND OPPORTUNITIES FOR UNDERPRIVILEGED YOUTH, AGES 5-14, IN LAS VEGAS. THE AFTER-SCHOOL PROGRAMS OPERATE DIRECTLY AT 13 AT-RISK SCHOOL CAMPUSES AFTER THE SCHOOL BELL RINGS EACH DAY. AFTER-SCHOOL ALL-STARS PROVIDES YOUTH WITH ACADEMIC HELP, MENTORING, TUTORING AS WELL AS ENRICHMENT PROGRAMS SUCH AS SPORTS, DANCE, MUSIC, COOKING, DRAMA, ETC. THE AFTER-SCHOOL PROGRAM BEGINS WITH AN HOUR OF MENTORING, TUTORING OR HOMEWORK HELP, FOLLOWED BY AN HOUR OF AN ENRICHMENT OR CULTURAL ARTS ACTIVITIES.",22,22,11,50,0,1059982,1162597,0,758,496,HEADERFILL-NULL,0,1060740,1163093,13348,0,0,530960,463855,0,124879,635471,622577,1179779,1086432,-119039,76661,595878,820031,32584,180076,563294,639955
0,Asian American LEAD,2018,To promote the well-being of Asian Pacific American youth and families. See Part III,14,13,40,45,0,946716,927914,0,88790,76692,8399,0,1043905,1004606,0,0,0,1110525,1011978,0,123479,281563,234986,1392088,1246964,-348183,-242358,1163663,935748,84421,130961,1079242,804787
0,Asian American LEAD,2017,To promote the well-being of Asian Pacific American youth and families. See Part III,11,10,44,115,0,1034538,946716,0,18525,88790,11303,8399,1064366,1043905,889,0,0,850122,1110525,0,275550,241580,281563,1092591,1392088,-28225,-348183,1488221,1163663,62659,84421,1425562,1079242
0,Asian American LEAD,2016,To promote the well-being of Asian Pacific American youth and families. See Part III,12,11,49,141,0,1066757,1034538,0,13824,18525,3558,11303,1084139,1064366,754,889,0,725008,850122,0,177729,194338,241580,920100,1092591,164039,-28225,1532130,1488221,59852,62659,1472278,1425562
0,Asian American LEAD,2015,To promote the well-being of Asian Pacific American youth and families. See Part III,10,10,49,139,0,880211,1066757,0,10594,13824,2291,3558,893096,1084139,150,754,0,601964,725008,0,107272,229762,194338,831876,920100,61220,164039,1254939,1532130,20304,59852,1234635,1472278
0,Atlas Performing Arts Center,2018,"SEE PART III, LINE 1.",21,20,48,65,6218,1180982,1311424,958114,1663,-5152,771222,735393,2788356,2999779,0,0,0,998371,1263984,0,219675,2103461,2071237,3101832,3335221,-313476,-335442,17176888,16696817,7191437,7021168,9985451,9675649
0,Atlas Performing Arts Center,2017,"ATLAS IS A COMMUNITY-BASED VENUE FOR THE PERFORMING ARTS IN NORTHEAST WASHINGTON, DC.",21,21,38,50,0,1773915,1180982,834489,7738,1663,514952,771222,2842814,2788356,0,0,0,887824,998371,0,291193,2100200,2103461,2988024,3101832,-145210,-313476,17564833,17176888,7272961,7191437,10291872,9985451
0,Atlas Performing Arts Center,2016,"ATLAS IS A COMMUNITY-BASED VENUE FOR THE PERFORMING ARTS IN NORTHEAST WASHINGTON, DC.",21,21,33,75,0,436237,1773915,546209,5336,7738,320805,514952,1101002,2842814,0,0,0,569523,887824,0,207457,1659705,2100200,2229228,2988024,-1128226,-145210,17848865,17564833,7363923,7272961,10484942,10291872
0,Beacon House Community Ministry,2018,TO PREPARE AT-RISK YOUTH FOR PRODUCTIVE INVOLVEMENT IN THEIR COMMUNITY AND SOCIETY.,10,9,21,150,0,1085424,1030056,43554,9765,53231,5874,72,1120467,1126913,0,0,0,553500,626754,0,109035,696498,584743,1249998,1211497,-129531,-84584,1271332,1145059,99890,106001,1171442,1039058
0,Beacon House Community Ministry,2017,To prepare at-risk youth for productive involvement in their community and society.,11,10,14,160,0,963273,1292014,19379,17397,83281,1347,3579,1010467,1398253,HEADERFILL-NULL,0,0,510707,532632,0,4236,530063,554092,1040770,1086724,-30303,311529,1400885,1504655,99912,-22599,1300973,1527254
0,Beacon House Community Ministry,2015,TO PREPARE AT-RISK YOUTH FOR PRODUCTIVE INVOLVEMENT IN THEIR COMMUNITY AND SOCIETY.,12,11,16,162,0,992822,963273,28450,18594,17397,4369,1347,1022991,1010467,0,0,0,544841,510707,0,66956,450029,530063,994870,1040770,28121,-30303,1359023,1400885,88949,99912,1270074,1300973
0,Best Friends Foundation,2018,"THE BEST FRIENDS FOUNDATION PROVIDES AN EDUCATIONAL CURRICULUM AND/OR GROUP ASSEMBLIES IN THE METROPOLITAN WASHINGOTN DC AREA FOR ADOLESCENT GIRLS AND BOYS, AGED 10-18, WHICH PROMOTES SELF-RESPECT THROUGH THE PRACTICE SELF -CONTROL BY PROVIDING SKILLS AND GUIDANCE WHICH HELPS THEM AVOID RISK BEHAVIOR. THE FIVE BASIC GOALS OF THE PROGRAM ARE:1. TO DEVELOP CRITICAL THINKING SKILLS IN ADOLESCENT GIRLS AND BOYS TO ENABLE THEM TO PROGRESS FROM THE CONCRETE TO THE FORMAL OPERATIONAL STATE OF REASONING.2. TO DEVELOP A SENSE OF SELF-RESPECT AND SELF-WORTH THROUGH ACHIEVEMENT AND COMMUNITY SERVICE.3. TO ENRICH THE LIVES OF ADOLESCENT GIRLS AND BOYS BY PROMOTING THIER ASPIRATIONS AND PROVIDING DECISION MAKING SKILLS.4. TO INCORPORATE THE SCHOOL AN FAMILIES INTO THE ADOLESCENT GIRLS AND BOY'S SUPPORT SYSTEM.5. TO PROVIDE POSITIVE PEER GROUPS FOR 10-18 YEAR OLD GIRLS IN WHICH THEY ARE VALUED MEMBERS AND IN WHICH THEY HAVE A SENSE OF CONNECTION TO THIER SCHOOL AND TO EACH OTHER.",7,6,1,0,0,291353,529764,0,11,12,34328,0,325692,529776,0,2000,0,0,155927,0,0,294392,408511,294392,566438,31300,-36662,57918,28291,678,59251,57240,-30960
0,Best Friends Foundation,2016,"The Best Friends Foundation provides an educational curriculum and/or group assemblies in the Metropolitan Washington DC area for adolescent girls and boys, Aged 10-18, which promotes self-respect through the practice self-control by providing skills and guidance which help them avoid risk behavior.The five basic goals of the Best Friends / Best Men program are:1. To develop critical thinking skills in adolescent girls and boys to enable them to progress from the concrete to the formal operational stage of reasoning.2. To develop a sense of self-respect and self-worth through achievement and community service.3. To enrich the lives of adolescent girls and boys by promoting their aspirations and providing decision-making skills.4. To incorporate the school and families into the adolescent girls' and boys' support system.5. To provide positive peer groups for 10-18 year old girls in which they are valued members and in which they have a sense of connection to their school and to each oth",7,6,1,HEADERFILL-NULL,0,141450,133663,0,1,2,HEADERFILL-NULL,0,141451,133665,2200,5288,0,25534,49719,0,12088,33730,96089,61464,151096,79987,-17431,73459,30976,30088,5036,43371,25940
0,Best Friends Foundation,2015,"The Best Friends Foundation provides an educational curriculum and/or group assemblies in the Metropolitan Washington DC area for adolescent girls and boys, Aged 10-18, which promotes self-respect through the practice self-control by providing skills and guidance which help them avoid risk behavior.The five basic goals of the Best Friends / Best Men program are:1. To develop critical thinking skills in adolescent girls and boys to enable them to progress from the concrete to the formal operational stage of reasoning.2. To develop a sense of self-respect and self-worth through achievement and community service.3. To enrich the lives of adolescent girls and boys by promoting their aspirations and providing decision-making skills.4. To incorporate the school and families into the adolescent girls' and boys' support system.5. To provide positive peer groups for 10-18 year old girls in which they are valued members and in which they have a sense of connection to their school and to each oth",8,7,4,HEADERFILL-NULL,0,170391,141450,0,2,1,HEADERFILL-NULL,0,170393,141451,HEADERFILL-NULL,2200,0,96909,25534,0,6660,94156,33730,191065,61464,-20672,79987,71778,73459,33394,30088,38384,43371
0,Calvin Coolidge Alumni Association,2017,HEADERFILL-NULL,HEADERFILL-NULL,HEADERFILL-NULL,HEADERFILL-NULL,HEADERFILL-NULL,HEADERFILL-NULL,HEADERFILL-NULL,HEADERFILL-NULL,HEADERFILL-NULL,HEADERFILL-NULL,HEADERFILL-NULL,HEADERFILL-NULL,HEADERFILL-NULL,HEADERFILL-NULL,HEADERFILL-NULL,HEADERFILL-NULL,HEADERFILL-NULL,HEADERFILL-NULL,HEADERFILL-NULL,HEADERFILL-NULL,HEADERFILL-NULL,HEADERFILL-NULL,HEADERFILL-NULL,HEADERFILL-NULL,HEADERFILL-NULL,HEADERFILL-NULL,HEADERFILL-NULL,HEADERFILL-NULL,HEADERFILL-NULL,HEADERFILL-NULL,HEADERFILL-NULL,HEADERFILL-NULL,70114,77723
0,Capitol Movement,2016,"TO BUILD BETTER LIVES THROUGH DANCE. WE STRIVE TO PROVIDE PROGRAMS AND OPPORTUNITIES FOR ALL, DESPITE SOCIOECONOMIC BARRIERS, BY OFFERING TRAVELING CLASSROOMS FOR SCHOOLS AND COMMUNITY PARTNERS IN NEED OF ARTS EDUCATION PROGRAMMING. WE ASSIST YOUNG PEOPLE FROM ECONOMICALLY DISADVANTAGED BACKGROUNDS VIA DANCE SCHOLARSHIP PROGRAMS AS WELL AS THROUGH TRAINING AT OUR SUMMER CAMP INTENSIVES, ANNUAL CONVENTIONS AND OUTREACH CLASSES. WE STRIVE TO MAKE IT POSSIBLE FOR ALL RESIDENTS OF THE DC METROPOLITAN AREA TO PARTICIPATE IN AND PATRONIZE THE ARTS. OUR DANCE PROGRAMS BUILD CONFIDENCE, ENCOURAGE TEAMWORK, TEACH COMMITMENT AND DISCIPLINE AND OPEN DOORS TO DREAMS, BRINGING DANCERS FROM ALL WALKS OF LIFE TOGETHER.",6,3,0,20,0,51583,30539,149686,HEADERFILL-NULL,0,9255,0,144446,180225,HEADERFILL-NULL,0,0,49340,0,0,1406,125437,138900,174777,138900,-30331,41325,8318,49643,HEADERFILL-NULL,0,8318,49643
0,CentroNia,2017,"EDUCATING CHILDREN AND STRENGTHENING FAMILIES, IN A BILINGUAL, MULTICULTURAL ENVIRONMENT.",15,15,269,300,0,9219863,10321187,1045250,HEADERFILL-NULL,15834543,1132342,1515246,12429738,28716226,HEADERFILL-NULL,0,0,9136602,9643247,0,273903,4574269,5033190,13710871,14676437,-1281133,14039789,6958972,18869449,6350302,4872627,608670,13996822
0,CentroNia,2016,"EDUCATING CHILDREN AND STRENGTHENING FAMILIES, IN A BILINGUAL, MULTICULTURAL ENVIRONMENT.",15,14,303,300,35099,3839872,9219863,2077533,HEADERFILL-NULL,0,789349,1132342,5561032,12429738,HEADERFILL-NULL,0,0,3969827,9136602,0,203941,2105381,4574269,6075208,13710871,-514176,-1281133,7654700,6958972,6272675,6350302,1382025,608670
0,CitiWide Computer Training Center,2018,"Provide training to low-income and disadvantaged District of Columbia residents, leading to professional licensure and certifications",9,9,2,HEADERFILL-NULL,0,288491,237821,0,HEADERFILL-NULL,0,HEADERFILL-NULL,0,288491,237821,HEADERFILL-NULL,0,0,85619,25091,0,0,251825,191490,337444,216581,-48953,21240,176457,178594,113148,94045,63309,84549
0,CitiWide Computer Training Center,2017,"Provide training to low-income and disadvantaged District of Columbia residents, leading to professional licensure and certifications",9,9,7,2,0,434627,288491,0,HEADERFILL-NULL,0,HEADERFILL-NULL,0,434627,288491,HEADERFILL-NULL,0,0,168356,85619,0,500,250253,251824,418609,337443,16018,-48952,185054,176457,72793,113148,112261,63309
0,CitiWide Computer Training Center,2015,"Provide training to low-income and disadvantaged District of Columbia residents, leading to professional licensure and certifications",9,9,7,HEADERFILL-NULL,0,HEADERFILL-NULL,433969,0,HEADERFILL-NULL,0,HEADERFILL-NULL,0,HEADERFILL-NULL,433969,HEADERFILL-NULL,0,0,HEADERFILL-NULL,165012,0,0,HEADERFILL-NULL,283634,HEADERFILL-NULL,448646,HEADERFILL-NULL,-14677,194772,173000,49773,42678,144999,130322
0,City Gate,2018,HEADERFILL-NULL,HEADERFILL-NULL,HEADERFILL-NULL,HEADERFILL-NULL,HEADERFILL-NULL,HEADERFILL-NULL,HEADERFILL-NULL,HEADERFILL-NULL,HEADERFILL-NULL,HEADERFILL-NULL,HEADERFILL-NULL,HEADERFILL-NULL,HEADERFILL-NULL,HEADERFILL-NULL,HEADERFILL-NULL,HEADERFILL-NULL,HEADERFILL-NULL,HEADERFILL-NULL,HEADERFILL-NULL,HEADERFILL-NULL,HEADERFILL-NULL,HEADERFILL-NULL,HEADERFILL-NULL,HEADERFILL-NULL,HEADERFILL-NULL,HEADERFILL-NULL,HEADERFILL-NULL,HEADERFILL-NULL,HEADERFILL-NULL,0,HEADERFILL-NULL,0,HEADERFILL-NULL,HEADERFILL-NULL
0,City Gate,2017,"THE MISSION PROVIDES A RESIDENT SHELTER FOR MEN RELEASED FROM PRISON. THERE ARE TWO PHASES (1) 30 DAY, 17 BED PROGRAM AND (2) 3 PERSON PRIVATE ROOM PROGRAM. THE ORGANIZATION ALSO PROVIDES IN-HOUSE AND OUT-REACH CHRISTIAN MINISTRIES,IN PARTICULAR, TO CHESTER COUNTY PRISON AND SESTU JUVENILE DETENTION CENTER.",4,4,13,HEADERFILL-NULL,0,374662,266158,0,HEADERFILL-NULL,0,HEADERFILL-NULL,0,374662,266158,2850,0,0,178544,183434,0,2467,120452,104973,301846,288407,72816,-22249,332078,309507,3058,2736,329020,306771
0,City Gate,2017,"THE MISSION PROVIDES A RESIDENT SHELTER FOR MEN RELEASED FROM PRISON. THERE ARE TWO PHASES (1) 30 DAY, 17 BED PROGRAM AND (2) 3 PERSON PRIVATE ROOM PROGRAM. THE ORGANIZATION ALSO PROVIDES IN-HOUSE AND OUT-REACH CHRISTIAN MINISTRIES,IN PARTICULAR, TO CHESTER COUNTY PRISON AND SESTU JUVENILE DETENTION CENTER.",4,4,13,HEADERFILL-NULL,0,374662,266158,0,HEADERFILL-NULL,0,HEADERFILL-NULL,0,374662,266158,2850,0,0,178544,183434,0,2467,120452,104973,301846,288407,72816,-22249,332078,309507,3058,2736,329020,306771
0,City Gate,2016,"THE MISSION PROVIDES A RESIDENT SHELTER FOR MEN RELEASED FROM PRISON. THERE ARE TWO PHASES (1) 30 DAY, 17 BED PROGRAM AND (2) 3 PERSON PRIVATE ROOM PROGRAM. THE ORGANIZATION ALSO PROVIDES IN-HOUSE AND OUT-REACH CHRISTIAN MINISTRIES,IN PARTICULAR, TO CHESTER COUNTY PRISON AND SESTU JUVENILE DETENTION CENTER.",4,4,14,HEADERFILL-NULL,0,303759,374662,0,HEADERFILL-NULL,0,HEADERFILL-NULL,0,303759,374662,HEADERFILL-NULL,2850,0,181327,178544,0,2065,123823,120452,305150,301846,-1391,72816,259207,332078,3003,3058,256204,329020
0,City Gate,2016,"THE MISSION PROVIDES A RESIDENT SHELTER FOR MEN RELEASED FROM PRISON. THERE ARE TWO PHASES (1) 30 DAY, 17 BED PROGRAM AND (2) 3 PERSON PRIVATE ROOM PROGRAM. THE ORGANIZATION ALSO PROVIDES IN-HOUSE AND OUT-REACH CHRISTIAN MINISTRIES,IN PARTICULAR, TO CHESTER COUNTY PRISON AND SESTU JUVENILE DETENTION CENTER.",4,4,14,HEADERFILL-NULL,0,303759,374662,0,HEADERFILL-NULL,0,HEADERFILL-NULL,0,303759,374662,HEADERFILL-NULL,2850,0,181327,178544,0,2065,123823,120452,305150,301846,-1391,72816,259207,332078,3003,3058,256204,329020
0,City Gate,2015,"THE MISSION PROVIDES A RESIDENT SHELTER FOR MEN RELEASED FROM PRISON. THERE ARE TWO PHASES (1) 30 DAY, 17 BED PROGRAM AND (2) 3 PERSON PRIVATE ROOM PROGRAM. THE ORGANIZATION ALSO PROVIDES IN-HOUSE AND OUT-REACH CHRISTIAN MINISTRIES,IN PARTICULAR, TO CHESTER COUNTY PRISON AND SESTU JUVENILE DETENTION CENTER.",4,4,13,HEADERFILL-NULL,0,288720,303759,0,HEADERFILL-NULL,0,HEADERFILL-NULL,0,288720,303759,HEADERFILL-NULL,0,0,184265,181327,0,1033,130492,123823,314757,305150,-26037,-1391,260600,259207,3005,3003,257595,256204
0,City Gate,2015,"THE MISSION PROVIDES A RESIDENT SHELTER FOR MEN RELEASED FROM PRISON. THERE ARE TWO PHASES (1) 30 DAY, 17 BED PROGRAM AND (2) 3 PERSON PRIVATE ROOM PROGRAM. THE ORGANIZATION ALSO PROVIDES IN-HOUSE AND OUT-REACH CHRISTIAN MINISTRIES,IN PARTICULAR, TO CHESTER COUNTY PRISON AND SESTU JUVENILE DETENTION CENTER.",4,4,13,HEADERFILL-NULL,0,288720,303759,0,HEADERFILL-NULL,0,HEADERFILL-NULL,0,288720,303759,HEADERFILL-NULL,0,0,184265,181327,0,1033,130492,123823,314757,305150,-26037,-1391,260600,259207,3005,3003,257595,256204
0,CityDance,2018,"CITYDANCE IS AN ARTS AND EDUCATION LEADER THROUGHOUT THE DC METROPOLITAN AREA. WITH ITS MISSION TO TRANSFORM LIVES AND COMMUNITIES THROUGH DANCE, CITYDANCE PRODUCES AND PRESENTS WORLD-CLASS DANCE; TRAINS YOUNG DANCERS FOR PROFESSIONAL CAREERS; AND (CONTINUED ON SCHEDULE O)",15,15,36,19,0,1775717,1395722,1919424,HEADERFILL-NULL,0,HEADERFILL-NULL,0,3654511,3315146,HEADERFILL-NULL,0,0,1280831,1355127,0,208107,1603265,1679049,2884096,3034176,770415,280970,1528599,1851951,227418,269800,1301181,1582151
0,CityDance,2017,"CITYDANCE HAS A MISSION TO TRANSFORM LIVES AND COMMUNITIES THROUGH DANCE AND FULFILLS THIS MISSION THROUGH THREE CORE PROGRAM OFFERINGS: CITYDANCE PRESENTS - PRODUCING AND PRESENTING PROFESSIONAL DANCE AT PRESTIGIOUS PERFORMANCE VENUES THROUGHOUT THE DC METROPOLITAN REGION; CITYDANCE SCHOOL & CONSERVATORY - TRAINING YOUNG DANCERS FOR PROFESSIONAL CAREERS AT ITS THREE DANCE CENTERS IN MARYLAND AND DC ; AND CITYDANCE DREAM - USING DANCE TO PREPARE YOUTH FROM DC'S LOW-INCOME COMMUNITIES FOR ACADEMIC, PROFESSIONAL AND PERSONAL SUCCESS.",14,14,28,14,0,778706,1775717,1878794,HEADERFILL-NULL,0,HEADERFILL-NULL,0,2261320,3654511,HEADERFILL-NULL,0,0,989589,1280831,0,229740,1130842,1603265,2120431,2884096,140889,770415,590654,1528599,59888,227418,530766,1301181
0,CityDance,2016,"CITYDANCE IS A NON-PROFIT ORGANIZATION RECOGNIZED AS AN ARTS AND EDUCATION LEADER IN THE DC METROPOLITAN AREA WHOSE MISSION IS TO TRANSFORM LIVES AND COMMUNITIES THROUGH DANCE. CITYDANCE TRAINS YOUNG DANCERS FOR PROFESSIONAL CAREERS; PRESENTS NATIONALLY RECOGNIZED DANCE COMPANIES ON WASHINGTON'S MAJOR STAGES; AND USES DANCE TO EQUIP YOUTH WITH THE SKILLS NEEDED TO SUCCEED IN SCHOOL, CAREER AND LIFE.",12,12,23,50,0,631692,778706,1482614,HEADERFILL-NULL,0,HEADERFILL-NULL,0,1961940,2261320,HEADERFILL-NULL,0,0,897108,989589,0,163831,991340,1130842,1888448,2120431,73492,140889,417015,590654,27138,59888,389877,530766
0,CityDance,2015,"CITYDANCE IS A RECOGNIZED ARTS AND EDUCATION LEADER IN OUR NATION'S CAPITAL. FOUNDED IN 1996, CITYDANCE'S MISSION IS TO BRING THE HIGHEST- QUALITY PROFESSIONAL DANCE TO D.C. STAGES; TRAIN YOUTH FOR 21ST CENTURY DANCE CAREERS; AND PROVIDE ACCESS TO DANCE TRAINING AND PERFORMANCE TO UNDERSERVED POPULATIONS.",9,9,24,50,0,613803,631692,1330248,HEADERFILL-NULL,0,HEADERFILL-NULL,0,1880714,1961940,HEADERFILL-NULL,0,0,816335,897108,0,154955,898698,991340,1715033,1888448,165681,73492,482825,417015,166440,27138,316385,389877
0,Common Threads,2018,TEACH LOW INCOME CHILDREN TO COOK WHOLESOME AND AFFORDABLE MEALS.,14,14,32,250,0,2462820,2896588,76952,1148,559,-17158,78520,2473012,3052619,0,0,0,1886336,1871971,0,396598,1322619,971000,3208955,2842971,-735943,209648,1855681,2067429,126524,128624,1729157,1938805
0,Common Threads,2018,TEACH LOW INCOME CHILDREN TO COOK WHOLESOME AND AFFORDABLE MEALS.,14,14,32,250,0,2462820,2896588,76952,1148,559,-17158,78520,2473012,3052619,0,0,0,1886336,1871971,0,396598,1322619,971000,3208955,2842971,-735943,209648,1855681,2067429,126524,128624,1729157,1938805
0,Common Threads,2017,"Common Threads connects kids to healthy food in the garden, in the kitchen, and at the table. We want kids to grow up making food choices that are good for their bodies, communities, and environment.",8,8,4,100,0,0,140489,59086,0,782,0,805,0,201162,0,0,0,0,0,0,0,0,150801,0,150801,0,50361,189875,244858,5033,9655,184842,235203
0,Common Threads,2017,"Common Threads connects kids to healthy food in the garden, in the kitchen, and at the table. We want kids to grow up making food choices that are good for their bodies, communities, and environment.",8,8,4,100,0,0,140489,59086,0,782,0,805,0,201162,0,0,0,0,0,0,0,0,150801,0,150801,0,50361,189875,244858,5033,9655,184842,235203
0,Common Threads,2016,COMMON THREADS FAMILY RESOURCE CENTER'S MISSION IS TO ENHANCE THE DEVELOPMENT OF CHILDREN WITH AUTISM SPECTRUM DISORDERS AND TO PROVIDE THEIR FAMILIES WITH SUPPORT AND DIRECTION.,3,3,43,4,0,44907,31493,1560087,0,0,-4288,0,1327260,1591580,0,0,0,978255,1224764,0,36906,216588,243681,1194843,1468445,132417,123135,995915,1004419,774735,660104,221180,344315
0,Common Threads,2016,COMMON THREADS FAMILY RESOURCE CENTER'S MISSION IS TO ENHANCE THE DEVELOPMENT OF CHILDREN WITH AUTISM SPECTRUM DISORDERS AND TO PROVIDE THEIR FAMILIES WITH SUPPORT AND DIRECTION.,3,3,43,4,0,44907,31493,1560087,0,0,-4288,0,1327260,1591580,0,0,0,978255,1224764,0,36906,216588,243681,1194843,1468445,132417,123135,995915,1004419,774735,660104,221180,344315
0,Common Threads,2015,COMMON THREADS FAMILY RESOURCE CENTER'S MISSION IS TO ENHANCE THE DEVELOPMENT OF CHILDREN WITH AUTISM SPECTRUM DISORDERS AND TO PROVIDE THEIR FAMILIES WITH SUPPORT AND DIRECTION.,3,3,38,5,0,10454,44907,1286641,0,0,0,-4288,1025241,1327260,0,0,0,747233,978255,0,32037,173148,216588,920381,1194843,104860,132417,654217,995915,565454,774735,88763,221180
0,Common Threads,2015,COMMON THREADS FAMILY RESOURCE CENTER'S MISSION IS TO ENHANCE THE DEVELOPMENT OF CHILDREN WITH AUTISM SPECTRUM DISORDERS AND TO PROVIDE THEIR FAMILIES WITH SUPPORT AND DIRECTION.,3,3,38,5,0,10454,44907,1286641,0,0,0,-4288,1025241,1327260,0,0,0,747233,978255,0,32037,173148,216588,920381,1194843,104860,132417,654217,995915,565454,774735,88763,221180
0,Community Services Foundation,2018,"RICHMOND COMMUNITY SERVICES, FOUNDATION, INC. PROMOTES AND SUPPORTS MISSIONS OF ITS AFFILIATED ORGANIZATION, RICHMOND CHILDREN'S CENTER, INC. (D/B/A RICHMOND COMMUNITY SERVICES).",6,6,0,46,0,197860,223671,0,71065,23133,0,0,268925,246804,81320,145774,0,0,0,0,112140,113090,138704,194410,284478,74515,-37674,1118618,1289228,823154,990101,295464,299127
0,Community Services Foundation,2018,"RICHMOND COMMUNITY SERVICES, FOUNDATION, INC. PROMOTES AND SUPPORTS MISSIONS OF ITS AFFILIATED ORGANIZATION, RICHMOND CHILDREN'S CENTER, INC. (D/B/A RICHMOND COMMUNITY SERVICES).",6,6,0,46,0,197860,223671,0,71065,23133,0,0,268925,246804,81320,145774,0,0,0,0,112140,113090,138704,194410,284478,74515,-37674,1118618,1289228,823154,990101,295464,299127
0,Community Services Foundation,2017,"ENHANCE SERVICES AND RESOURCES TO THE COMMUNITY THROUGH THE SPONSORSHIP OF PROGRAMS, ACTIVITIES AND EVENTS IN AND AROUND THE SIENNA PLANTATION COMMUNITY. ALL RESIDENTS OF THE SIENNA PLANTATION COMMUNITY BENEFIT FROM THE FUNDS.",5,5,0,9,0,0,0,1060328,1542,1521,0,0,771931,1061849,0,0,0,0,0,0,0,863211,1031739,863211,1031739,-91280,30110,919721,1351132,1983,403284,917738,947848
0,Community Services Foundation,2017,"ENHANCE SERVICES AND RESOURCES TO THE COMMUNITY THROUGH THE SPONSORSHIP OF PROGRAMS, ACTIVITIES AND EVENTS IN AND AROUND THE SIENNA PLANTATION COMMUNITY. ALL RESIDENTS OF THE SIENNA PLANTATION COMMUNITY BENEFIT FROM THE FUNDS.",5,5,0,9,0,0,0,1060328,1542,1521,0,0,771931,1061849,0,0,0,0,0,0,0,863211,1031739,863211,1031739,-91280,30110,919721,1351132,1983,403284,917738,947848
0,Community Services Foundation,2016,"TO ACQUIRE, CONSTRUCT, DEVELOP, AND OPERATE AFFORDABLE HOUSING FOR FAMILIES AND THE ELDERLY.",4,3,0,0,0,HEADERFILL-NULL,15000,0,HEADERFILL-NULL,0,HEADERFILL-NULL,0,HEADERFILL-NULL,15000,HEADERFILL-NULL,0,0,HEADERFILL-NULL,0,0,0,HEADERFILL-NULL,10548,HEADERFILL-NULL,10548,HEADERFILL-NULL,4452,HEADERFILL-NULL,4452,HEADERFILL-NULL,0,HEADERFILL-NULL,4452
0,Community Services Foundation,2016,"TO ACQUIRE, CONSTRUCT, DEVELOP, AND OPERATE AFFORDABLE HOUSING FOR FAMILIES AND THE ELDERLY.",4,3,0,0,0,HEADERFILL-NULL,15000,0,HEADERFILL-NULL,0,HEADERFILL-NULL,0,HEADERFILL-NULL,15000,HEADERFILL-NULL,0,0,HEADERFILL-NULL,0,0,0,HEADERFILL-NULL,10548,HEADERFILL-NULL,10548,HEADERFILL-NULL,4452,HEADERFILL-NULL,4452,HEADERFILL-NULL,0,HEADERFILL-NULL,4452
0,Community Services Foundation,2015,"PEAK COMMUNITY SERVICES FOUNDATION, INC. IS ORGANIZED EXCLUSIVELY FOR CHARITABLE, RELIGIOUS, EDUCATIONAL, AND SCIENTIFIC PURPOSES, INCLUDING, FOR SUCH PURPOSES, THE MAKING OF DISTRIBUTIONS TO -SEE SCHEDULE O.",8,8,0,8,0,2634,441,0,37121,66502,HEADERFILL-NULL,0,39755,66943,6500,1500,0,HEADERFILL-NULL,0,0,0,9572,19380,16072,20880,23683,46063,1889907,2064388,935,683,1888972,2063705
0,Community Services Foundation,2015,"PEAK COMMUNITY SERVICES FOUNDATION, INC. IS ORGANIZED EXCLUSIVELY FOR CHARITABLE, RELIGIOUS, EDUCATIONAL, AND SCIENTIFIC PURPOSES, INCLUDING, FOR SUCH PURPOSES, THE MAKING OF DISTRIBUTIONS TO -SEE SCHEDULE O.",8,8,0,8,0,2634,441,0,37121,66502,HEADERFILL-NULL,0,39755,66943,6500,1500,0,HEADERFILL-NULL,0,0,0,9572,19380,16072,20880,23683,46063,1889907,2064388,935,683,1888972,2063705
0,Crittenton Services of Greater Washington,2018,"CRITTENTON SERVICES OF GREATER WASHINGTON IS A POSITIVE YOUTH DEVELOPMENT ORGANIZATION WITH A SINGULAR FOCUS-STRENGTHENING THE ABILITY OF TEEN WOMEN TO IDENTIFY, EMBRACE, AND ACHIEVE THEIR ACADEMIC, CAREER, AND LIFE GOALS DRAWING ON A 125-YEAR HISTORY OF WORKING WITH TEEN WOMEN, CRITTENTON DEVELOPS AND DELIVERS COMPREHENSIVE, SCIENCE-BASED PROGRAMS THAT HAVE PRODUCED MEASURABLE RESULTS IN (1) IMPROVING LIFE, WORKFORCE, AND LEADERSHIP SKILLS, (2) PREVENTING TEEN PREGNANCY, STI, AND HIV, AND (3) PREPARING TEENS FOR COLLEGE AND MEANINGFUL CAREERS.",9,9,12,46,0,348203,393927,835011,103096,271757,0,0,1015001,1500695,0,0,0,560265,649011,0,204774,496312,665382,1056577,1314393,-41576,186302,2031140,2011415,577239,524634,1453901,1486781
0,Crittenton Services of Greater Washington,2017,"CRITTENTON SERVICES OF GREATER WASHINGTON IS A POSITIVE YOUTH DEVELOPMENT ORGANIZATION WITH A SINGULAR FOCUS-STRENGTHENING THE ABILITY OF TEEN WOMEN TO IDENTIFY, EMBRACE, AND ACHIEVE THEIR ACADEMIC, CAREER, AND LIFE GOALS DRAWING ON A 125-YEAR HISTORY OF WORKING WITH TEEN WOMEN, CRITTENTON DEVELOPS AND DELIVERS COMPREHENSIVE, SCIENCE-BASED PROGRAMS THAT HAVE PRODUCED MEASURABLE RESULTS IN (1) IMPROVING LIFE, WORKFORCE, AND LEADERSHIP SKILLS, (2) PREVENTING TEEN PREGNANCY, STI, AND HIV, AND (3) PREPARING TEENS FOR COLLEGE AND MEANINGFUL CAREERS.",9,9,11,30,0,356483,348203,563702,111721,103096,0,0,1030246,1015001,0,0,0,567366,560265,0,157350,390232,496312,957598,1056577,72648,-41576,2017277,2031140,520055,577239,1497222,1453901
0,Crittenton Services of Greater Washington,2016,"CRITTENTON SERVICES OF GREATER WASHINGTON IS A POSITIVE YOUTH DEVELOPMENT ORGANIZATION WITH A SINGULAR FOCUS-STRENGTHENING THE ABILITY OF TEEN WOMEN TO IDENTIFY, EMBRACE, AND ACHIEVE THEIR ACADEMIC, CAREER, AND LIFE GOALS DRAWING ON A 125-YEAR HISTORY OF WORKING WITH TEEN WOMEN, CSGW DEVELOPS AND DELIVERS COMPREHENSIVE, SCIENCE-BASED PROGRAMS THAT HAVE PRODUCED MEASURABLE RESULTS IN (1) IMPROVING LIFE, WORKFORCE, AND LEADERSHIP SKILLS, (2) PREVENTING TEEN PREGNANCY, STI, AND HIV, AND (3) PREPARING TEENS FOR COLLEGE AND MEANINGFUL CAREERS.",8,8,9,39,0,351422,356483,562042,94917,111721,0,0,649831,1030246,0,0,0,338983,567366,0,77309,297622,390232,636605,957598,13226,72648,2009436,2017277,568218,520055,1441218,1497222
0,Dance Place,2018,"FOUNDED IN 1980, DANCE PLACE BUILDS A COMMUNITY OF ARTISTS, AUDIENCES, AND STUDENTS. THIS IS ACCOMPLISHED THROUGH HIGH QUALITY PERFORMANCES, COMMISSIONS, TRAINING AND EDUCATIONAL PROGRAMS. WE ARE COMMITTED TO ENRICHING THE FIELD OF DANCE LOCALLY, NATIONALLY AND INTERNATIONALLY. OUR THRIVING ARTS CAMPUS SERVES AS AN ANCHOR IN THE DEVELOPMENT OF OUR BROOKLAND/EDGEWOOD NEIGHBORHOOD IN WASHINGTON, DC.",18,17,30,56,3360,1312698,1475448,594067,725,528,-5655,-17738,1854890,2052305,0,0,0,818963,852075,0,175501,941479,1006944,1760442,1859019,94448,193286,4779191,4888601,610297,526421,4168894,4362180
0,Dance Place,2017,"FOUNDED IN 1980, DANCE PLACE BUILDS A COMMUNITY OF ARTISTS, AUDIENCES, AND STUDENTS. THIS IS ACCOMPLISHED THROUGH HIGH QUALITY PERFORMANCES, COMMISSIONS, TRAINING AND EDUCATIONAL PROGRAMS. WE ARE COMMITTED TO ENRICHING THE FIELD OF DANCE LOCALLY, NATIONALLY AND INTERNATIONALLY. OUR THRIVING ARTS CAMPUS SERVES AS AN ANCHOR IN THE DEVELOPMENT OF OUR BROOKLAND/EDGEWOOD NEIGHBORHOOD IN WASHINGTON, DC.",17,16,26,50,3220,2324654,1312698,547122,472,725,4337,-5655,2811819,1854890,0,0,0,760387,818963,0,161475,976969,941479,1737356,1760442,1074463,94448,4831235,4779191,756789,610297,4074446,4168894
0,Dance Place,2016,"FOUNDED IN 1980, DANCE PLACE BUILDS A COMMUNITY OF ARTISTS, AUDIENCES AND STUDENTS THROUGH HIGH QUALITY PERFORMANCE, COMMISSIONS, TRAINING AND EDUCATIONAL PROGRAMS. WE ARE COMMITTED TO ENRICHING THE FIELD OF DANCE LOCALLY, NATIONALLY AND INTERNATIONALLY.",15,13,20,40,0,1543346,2988577,416961,HEADERFILL-NULL,0,24857,44528,1974250,3450066,HEADERFILL-NULL,0,0,695082,705859,0,249586,971403,972032,1666485,1677891,307765,1772175,3153636,4368380,159545,1346492,2994091,3021888
0,DC Creative Writing Workshop,2018,"THE DCCWW, BASED IN THE CONGRESS HEIGHTS NEIGHBORHOOD OF SOUTHEAST D.C., UNITES PARENTS, TEACHERS AND PROFESSIONAL WRITERS-IN-RESIDENCE TO TRANSFORM THE LIVES OF YOUTH THROUGH SELF-EXPRESSION AND THE POWER OF THE WRITTEN WORD.",6,6,8,5,3838,158740,149810,150,4391,3838,HEADERFILL-NULL,0,163281,153798,HEADERFILL-NULL,0,0,119596,148204,0,0,34710,37508,154306,185712,8975,-31914,161176,131226,2723,5083,158453,126143
0,DC Creative Writing Workshop,2017,"THE DCCWW, BASED IN THE CONGRESS HEIGHTS NEIGHBORHOOD OF SOUTHEAST D.C., UNITES PARENTS, TEACHERS AND PROFESSIONAL WRITERS-IN-RESIDENCE TO TRANSFORM THE LIVES OF YOUTH THROUGH SELF-EXPRESSION AND THE POWER OF THE WRITTEN WORD.",6,6,8,5,0,190097,158740,150,1583,4391,HEADERFILL-NULL,0,191845,163281,HEADERFILL-NULL,0,0,113446,119596,0,0,37784,34710,151230,154306,40615,8975,147852,161176,5091,2723,142761,158453
0,DC Creative Writing Workshop,2016,"THE DCCWW, BASED IN THE CONGRESS HEIGHTS NEIGHBORHOOD OF SOUTHEAST D.C., UNITES PARENTS, TEACHERS AND PROFESSIONAL WRITERS-IN-RESIDENCE TO TRANSFORM THE LIVES OF YOUTH THROUGH SELF-EXPRESSION AND THE POWER OF THE WRITTEN WORD.",6,6,10,5,0,168005,190097,165,203,1583,HEADERFILL-NULL,0,168208,191845,HEADERFILL-NULL,0,0,82804,113446,0,0,34067,37784,116871,151230,51337,40615,107988,147852,4592,5091,103396,142761
0,DC Scores,2016,"DC SCORES builds teams through after-school programs for 1,500 low-income DC youth at 47 schools by instilling self-expression, physical fitness, and a sense of community.",21,21,23,422,0,1200347,1328317,161003,357,119,756,2870,1803072,1492309,0,0,0,847293,963289,0,242673,989864,799707,1858157,1762996,-55085,-270687,804882,533611,50203,46308,754679,487303
0,DC Scores,2015,"DC SCORES builds teams through after-school programs for 1,500 low-income DC youth at 47 schools by instilling self-expression, physical fitness, and a sense of community.",19,19,19,323,0,1951097,1200347,601612,0,357,0,756,1984954,1803072,0,0,0,791492,847293,21000,269826,781272,989864,1597529,1858157,387425,-55085,849804,804882,40040,50203,809764,754679
0,DC Youth Orchestra Program,2017,"THE MISSION OF DC YOUTH ORCHESTRA PROGRAM (DCYOP) IS ""MUSIC FOR YOUNG PEOPLE; ACHIEVEMENT FOR LIFE."" ITS GOALS ARE TO PROVIDE AFFORDABLE, ACCESSIBLE, QUALITY MUSIC INSTRUCTION AND PERFORMANCE OPPORTUNITIES FOR YOUNG PEOPLE IN THE DC AREA, TO DEVELOP A YOUTH ORCHESTRA CAPABLE OF COMPETING SUCCESSFULLY AT THE NATIONAL AND (CONTINUED ON SCHEDULE O)",8,8,9,100,0,555907,822397,341127,1077,802,15384,15040,911101,1179366,61507,52490,0,421986,442427,0,47016,350137,412250,833630,907167,77471,272199,424824,766721,66908,131816,357916,634905
0,DC Youth Orchestra Program,2016,"THE MISSION OF DC YOUTH ORCHESTRA PROGRAM (DCYOP) IS ""MUSIC FOR YOUNG PEOPLE; ACHIEVEMENT FOR LIFE."" ITS GOALS ARE TO PROVIDE AFFORDABLE, ACCESSIBLE, QUALITY MUSIC INSTRUCTION AND PERFORMANCE OPPORTUNITIES FOR YOUNG PEOPLE IN THE DC AREA, TO DEVELOP A YOUTH ORCHESTRA CAPABLE OF COMPETING SUCCESSFULLY AT THE NATIONAL AND (CONTINUED ON SCHEDULE O)",7,7,9,100,0,385032,555907,338733,HEADERFILL-NULL,1077,2007,15384,737681,911101,HEADERFILL-NULL,61507,0,355096,421986,0,33565,412109,350137,767205,833630,-29524,77471,353098,424824,73940,66908,279158,357916
0,DC Youth Orchestra Program,2015,THE DCYOP PROVIDES INSTRUMENTAL MUSIC EDUCATION TO STUDENTS (AGES 4.5 TO 18) THROUGH CLASSROOM AND ENSEMBLE PARTICIPATION.,7,6,7,100,0,304143,385032,350642,0,0,11175,2007,666991,737681,0,0,0,337397,355096,0,4485,322543,412109,659940,767205,7051,-29524,362054,353098,62412,73940,299642,279158
0,Field of Dreams,2018,HEADERFILL-NULL,HEADERFILL-NULL,HEADERFILL-NULL,HEADERFILL-NULL,HEADERFILL-NULL,HEADERFILL-NULL,HEADERFILL-NULL,HEADERFILL-NULL,HEADERFILL-NULL,HEADERFILL-NULL,HEADERFILL-NULL,HEADERFILL-NULL,HEADERFILL-NULL,HEADERFILL-NULL,HEADERFILL-NULL,HEADERFILL-NULL,HEADERFILL-NULL,HEADERFILL-NULL,HEADERFILL-NULL,HEADERFILL-NULL,HEADERFILL-NULL,HEADERFILL-NULL,HEADERFILL-NULL,HEADERFILL-NULL,HEADERFILL-NULL,HEADERFILL-NULL,HEADERFILL-NULL,HEADERFILL-NULL,HEADERFILL-NULL,HEADERFILL-NULL,HEADERFILL-NULL,HEADERFILL-NULL,39398,42314
0,Field of Dreams,2018,HEADERFILL-NULL,HEADERFILL-NULL,HEADERFILL-NULL,HEADERFILL-NULL,HEADERFILL-NULL,HEADERFILL-NULL,HEADERFILL-NULL,HEADERFILL-NULL,HEADERFILL-NULL,HEADERFILL-NULL,HEADERFILL-NULL,HEADERFILL-NULL,HEADERFILL-NULL,HEADERFILL-NULL,HEADERFILL-NULL,HEADERFILL-NULL,HEADERFILL-NULL,HEADERFILL-NULL,HEADERFILL-NULL,HEADERFILL-NULL,HEADERFILL-NULL,HEADERFILL-NULL,HEADERFILL-NULL,HEADERFILL-NULL,HEADERFILL-NULL,HEADERFILL-NULL,HEADERFILL-NULL,HEADERFILL-NULL,HEADERFILL-NULL,HEADERFILL-NULL,HEADERFILL-NULL,HEADERFILL-NULL,39398,42314
0,Field of Dreams,2017,HEADERFILL-NULL,HEADERFILL-NULL,HEADERFILL-NULL,HEADERFILL-NULL,HEADERFILL-NULL,HEADERFILL-NULL,HEADERFILL-NULL,HEADERFILL-NULL,HEADERFILL-NULL,HEADERFILL-NULL,HEADERFILL-NULL,HEADERFILL-NULL,HEADERFILL-NULL,HEADERFILL-NULL,HEADERFILL-NULL,HEADERFILL-NULL,HEADERFILL-NULL,HEADERFILL-NULL,HEADERFILL-NULL,HEADERFILL-NULL,HEADERFILL-NULL,HEADERFILL-NULL,HEADERFILL-NULL,HEADERFILL-NULL,HEADERFILL-NULL,HEADERFILL-NULL,HEADERFILL-NULL,HEADERFILL-NULL,HEADERFILL-NULL,HEADERFILL-NULL,HEADERFILL-NULL,HEADERFILL-NULL,21978,8177
0,Field of Dreams,2017,HEADERFILL-NULL,HEADERFILL-NULL,HEADERFILL-NULL,HEADERFILL-NULL,HEADERFILL-NULL,HEADERFILL-NULL,HEADERFILL-NULL,HEADERFILL-NULL,HEADERFILL-NULL,HEADERFILL-NULL,HEADERFILL-NULL,HEADERFILL-NULL,HEADERFILL-NULL,HEADERFILL-NULL,HEADERFILL-NULL,HEADERFILL-NULL,HEADERFILL-NULL,HEADERFILL-NULL,HEADERFILL-NULL,HEADERFILL-NULL,HEADERFILL-NULL,HEADERFILL-NULL,HEADERFILL-NULL,HEADERFILL-NULL,HEADERFILL-NULL,HEADERFILL-NULL,HEADERFILL-NULL,HEADERFILL-NULL,HEADERFILL-NULL,HEADERFILL-NULL,HEADERFILL-NULL,HEADERFILL-NULL,21978,8177
0,Field of Dreams,2016,HEADERFILL-NULL,HEADERFILL-NULL,HEADERFILL-NULL,HEADERFILL-NULL,HEADERFILL-NULL,HEADERFILL-NULL,HEADERFILL-NULL,HEADERFILL-NULL,HEADERFILL-NULL,HEADERFILL-NULL,HEADERFILL-NULL,HEADERFILL-NULL,HEADERFILL-NULL,HEADERFILL-NULL,HEADERFILL-NULL,HEADERFILL-NULL,HEADERFILL-NULL,HEADERFILL-NULL,HEADERFILL-NULL,HEADERFILL-NULL,HEADERFILL-NULL,HEADERFILL-NULL,HEADERFILL-NULL,HEADERFILL-NULL,HEADERFILL-NULL,HEADERFILL-NULL,HEADERFILL-NULL,HEADERFILL-NULL,HEADERFILL-NULL,HEADERFILL-NULL,HEADERFILL-NULL,HEADERFILL-NULL,51341,43811
0,Field of Dreams,2016,HEADERFILL-NULL,HEADERFILL-NULL,HEADERFILL-NULL,HEADERFILL-NULL,HEADERFILL-NULL,HEADERFILL-NULL,HEADERFILL-NULL,HEADERFILL-NULL,HEADERFILL-NULL,HEADERFILL-NULL,HEADERFILL-NULL,HEADERFILL-NULL,HEADERFILL-NULL,HEADERFILL-NULL,HEADERFILL-NULL,HEADERFILL-NULL,HEADERFILL-NULL,HEADERFILL-NULL,HEADERFILL-NULL,HEADERFILL-NULL,HEADERFILL-NULL,HEADERFILL-NULL,HEADERFILL-NULL,HEADERFILL-NULL,HEADERFILL-NULL,HEADERFILL-NULL,HEADERFILL-NULL,HEADERFILL-NULL,HEADERFILL-NULL,HEADERFILL-NULL,HEADERFILL-NULL,HEADERFILL-NULL,51341,43811
0,Field of Dreams,2015,"BREVARD COUNTY FIELD OF DREAMS, INC. IS A COUNTY-WIDE, VOLUNTEER-DRIVEN ORGANIZATION THAT IS COMMITTED TO CREATING ENJOYMENT, A HEIGHTENED SENSE OF WORTH AND INCLUSION FOR CHILDREN WITH SPECIAL NEEDS, THROUGH SPORTS PROGRAMS AND BUILDING A UNIQUE, ALL-ACCESS, MULTI-SPORT PARK IN WEST MELBOURNE, FLORIDA.",15,15,0,HEADERFILL-NULL,0,HEADERFILL-NULL,223580,0,HEADERFILL-NULL,0,HEADERFILL-NULL,0,HEADERFILL-NULL,223580,HEADERFILL-NULL,0,0,HEADERFILL-NULL,0,0,0,HEADERFILL-NULL,23900,HEADERFILL-NULL,23900,HEADERFILL-NULL,199680,9286,198966,10000,0,-714,198966
0,Field of Dreams,2015,"BREVARD COUNTY FIELD OF DREAMS, INC. IS A COUNTY-WIDE, VOLUNTEER-DRIVEN ORGANIZATION THAT IS COMMITTED TO CREATING ENJOYMENT, A HEIGHTENED SENSE OF WORTH AND INCLUSION FOR CHILDREN WITH SPECIAL NEEDS, THROUGH SPORTS PROGRAMS AND BUILDING A UNIQUE, ALL-ACCESS, MULTI-SPORT PARK IN WEST MELBOURNE, FLORIDA.",15,15,0,HEADERFILL-NULL,0,HEADERFILL-NULL,223580,0,HEADERFILL-NULL,0,HEADERFILL-NULL,0,HEADERFILL-NULL,223580,HEADERFILL-NULL,0,0,HEADERFILL-NULL,0,0,0,HEADERFILL-NULL,23900,HEADERFILL-NULL,23900,HEADERFILL-NULL,199680,9286,198966,10000,0,-714,198966
0,Fishing School,2018,"To prepare elementary and middle school youth for success in high school and life by improving their academic performance and life skills; and engaging them and their parents in intensive, multi-year, and research-based out-of-school time and parental engagement programs.",13,13,74,45,0,1362818,1230524,120222,34,20,205775,-36835,1568627,1313931,HEADERFILL-NULL,0,0,1032278,1009793,0,163643,528044,314977,1560322,1324770,8305,-10839,2139744,2247387,137731,256213,2002013,1991174
0,Fishing School,2017,"The Fishing School (TFS) is a nonprofit serving the Washington,DC communities most in need. Our mission is to prepare elementary and middle school youth for success in high school and life by improving their academic performance and life skills; and engaging them and their parents in intensive, multi-year, and research-based out-of-school time and parental engagement programs and activities.",12,12,16,30,0,1306876,1362818,0,122,34,280656,205775,1587654,1568627,HEADERFILL-NULL,0,0,736929,1032278,0,156945,925627,528044,1662556,1560322,-74902,8305,2196125,2139744,202417,137731,1993708,2002013
0,Fishing School,2016,"The Fishing School prepares public school elementary and middle school youth for success in high school and life by improving their academic performance and life skills; engaging them and their parents in intensive, multi- year, and research-based out-of-school time and parental engagement programs and activities.",9,9,46,30,0,1263365,1306876,0,122,122,103006,280656,1366493,1587654,HEADERFILL-NULL,0,0,657978,736929,0,166535,780007,925627,1437985,1662556,-71492,-74902,2131284,2196125,62673,202417,2068611,1993708
0,Fishing School,2015,"The Fishing School prepares public school elementary and middle school youth for success in high school and life by improving their academic performance and life skills; engaging them and their parents in intensive, multi- year, and research-based out-of-school time and parental engagement programs and activities.",10,10,16,25,57067,1166398,1263365,0,150,122,101311,103006,1267859,1366493,HEADERFILL-NULL,0,0,613638,657978,0,119397,643209,780007,1256847,1437985,11012,-71492,2197378,2131284,57275,62673,2140103,2068611
0,Friends of Fort Dupont Ice Arena,2017,"FDIA provides opportunity, education, and inspiration to young people in DC area through ice skating & educational activities. Activities include public skating, lessons, and availability of facilities for teams and schools. FDIA provides a safe place for young people with structured activities.",16,16,23,300,-1544,369840,400476,575615,HEADERFILL-NULL,0,12254,21601,955460,997692,HEADERFILL-NULL,0,0,507339,571124,8776,118880,465523,496848,980302,1076748,-24842,-79056,1091937,1069389,50113,106621,1041824,962768
0,Friends of Fort Dupont Ice Arena,2016,"FDIA provides opportunity, education, and inspiration to young people in DC area through ice skating & educational activities. Activities include public skating, lessons, and availability of facilities for teams and schools. FDIA provides a safe place for young people with structured activities.",15,15,22,250,-1694,289795,369840,573366,HEADERFILL-NULL,0,12249,12254,847758,955460,HEADERFILL-NULL,0,0,493109,507339,7440,115484,449902,465523,952291,980302,-104533,-24842,1124722,1091937,58056,50113,1066666,1041824
0,Friends of Fort Dupont Ice Arena,2015,"FDIA provides opportunity, education, and inspiration to young people in DC area through ice skating & educational activities. Activities include public skating, lessons, and availability of facilities for teams and schools. FDIA provides a safe place for young people with structured activities.",17,17,25,250,987,373650,289795,545714,HEADERFILL-NULL,0,6690,12249,899588,847758,HEADERFILL-NULL,0,0,465668,493109,9280,113967,410511,449902,885039,952291,14549,-104533,1198601,1124722,27402,58056,1171199,1066666
0,Friends of Kenilworth Aquatic Gardens,2018,"FKAG was established to connect people to the park through volunteer service, education and recreation. FKAG encourages public discovery of the park through community events, volunteer activties, and educational programs for youth. FKAG also",9,9,2,250,0,77355,72377,147691,HEADERFILL-NULL,0,486,616,77841,220684,HEADERFILL-NULL,0,0,HEADERFILL-NULL,68054,0,4386,HEADERFILL-NULL,158155,HEADERFILL-NULL,226209,77841,-5525,56940,81057,3821,32671,53119,48386
0,Friends of Kenilworth Aquatic Gardens,2017,HEADERFILL-NULL,HEADERFILL-NULL,HEADERFILL-NULL,HEADERFILL-NULL,HEADERFILL-NULL,HEADERFILL-NULL,HEADERFILL-NULL,HEADERFILL-NULL,HEADERFILL-NULL,HEADERFILL-NULL,HEADERFILL-NULL,HEADERFILL-NULL,HEADERFILL-NULL,HEADERFILL-NULL,HEADERFILL-NULL,HEADERFILL-NULL,HEADERFILL-NULL,HEADERFILL-NULL,HEADERFILL-NULL,HEADERFILL-NULL,HEADERFILL-NULL,HEADERFILL-NULL,HEADERFILL-NULL,HEADERFILL-NULL,HEADERFILL-NULL,HEADERFILL-NULL,HEADERFILL-NULL,HEADERFILL-NULL,HEADERFILL-NULL,HEADERFILL-NULL,HEADERFILL-NULL,HEADERFILL-NULL,29157,53119
0,Future Project,2017,"BETTER FUTURE PROJECT WORKS TO BUILD A POWERFUL GRASSROOTS MOVEMENT TO ADDRESS THE CLIMATE CRISIS AND ADVANCE A RAPID AND RESPONSIBLE TRANSITION BEYOND FOSSIL FUELS. WE EDUCATE THE PUBLIC ABOUT CLIMATE CHANGE, EMPOWER NEW LEADERS, AND HELP CITIZENS TO MAKE THEIR VOICES HEARD.",10,10,15,702,0,475549,747705,0,0,228,2014,1105,477563,749038,0,0,0,222532,344056,0,56744,137217,90343,359749,434399,117814,314639,117814,444044,0,11591,117814,432453
0,Future Project,2017,"BETTER FUTURE PROJECT WORKS TO BUILD A POWERFUL GRASSROOTS MOVEMENT TO ADDRESS THE CLIMATE CRISIS AND ADVANCE A RAPID AND RESPONSIBLE TRANSITION BEYOND FOSSIL FUELS. WE EDUCATE THE PUBLIC ABOUT CLIMATE CHANGE, EMPOWER NEW LEADERS, AND HELP CITIZENS TO MAKE THEIR VOICES HEARD.",10,10,15,702,0,475549,747705,0,0,228,2014,1105,477563,749038,0,0,0,222532,344056,0,56744,137217,90343,359749,434399,117814,314639,117814,444044,0,11591,117814,432453
0,Future Project,2016,"The Future Project's mission is to inspire young people to begin building the life and world of their dreams, and never stop. We focus on those students who would not otherwise have the opportunity or support to realize their greatness and share it with the world.",10,7,66,100,0,2383597,7625244,0,HEADERFILL-NULL,0,HEADERFILL-NULL,4267,2383597,7629511,HEADERFILL-NULL,0,0,1943698,4284486,0,636376,596613,2570922,2540311,6855408,-156714,774103,174667,1436788,72793,536673,101874,900115
0,Future Project,2015,"The Future Project's mission is to empower young people, especially those at risk of not realizing their infinite possibility, to build the life and world of their dreams.",10,7,34,100,0,1096976,2383597,0,8,0,HEADERFILL-NULL,0,1096984,2383597,HEADERFILL-NULL,0,0,587498,1943698,0,109546,244270,596613,831768,2540311,265216,-156714,318641,174667,60053,72793,258588,101874
0,Future Project,2015,"The Future Project's mission is to empower young people, especially those at risk of not realizing their infinite possibility, to build the life and world of their dreams.",10,7,34,100,0,1096976,2383597,0,8,0,HEADERFILL-NULL,0,1096984,2383597,HEADERFILL-NULL,0,0,587498,1943698,0,109546,244270,596613,831768,2540311,265216,-156714,318641,174667,60053,72793,258588,101874
0,Growing Together,2018,HEADERFILL-NULL,HEADERFILL-NULL,HEADERFILL-NULL,HEADERFILL-NULL,HEADERFILL-NULL,HEADERFILL-NULL,HEADERFILL-NULL,HEADERFILL-NULL,HEADERFILL-NULL,HEADERFILL-NULL,HEADERFILL-NULL,HEADERFILL-NULL,HEADERFILL-NULL,HEADERFILL-NULL,HEADERFILL-NULL,HEADERFILL-NULL,HEADERFILL-NULL,HEADERFILL-NULL,HEADERFILL-NULL,HEADERFILL-NULL,HEADERFILL-NULL,HEADERFILL-NULL,HEADERFILL-NULL,HEADERFILL-NULL,HEADERFILL-NULL,HEADERFILL-NULL,HEADERFILL-NULL,HEADERFILL-NULL,HEADERFILL-NULL,HEADERFILL-NULL,HEADERFILL-NULL,HEADERFILL-NULL,19206,11667
0,Growing Together,2017,HEADERFILL-NULL,HEADERFILL-NULL,HEADERFILL-NULL,HEADERFILL-NULL,HEADERFILL-NULL,HEADERFILL-NULL,HEADERFILL-NULL,HEADERFILL-NULL,HEADERFILL-NULL,HEADERFILL-NULL,HEADERFILL-NULL,HEADERFILL-NULL,HEADERFILL-NULL,HEADERFILL-NULL,HEADERFILL-NULL,HEADERFILL-NULL,HEADERFILL-NULL,HEADERFILL-NULL,HEADERFILL-NULL,HEADERFILL-NULL,HEADERFILL-NULL,HEADERFILL-NULL,HEADERFILL-NULL,HEADERFILL-NULL,HEADERFILL-NULL,HEADERFILL-NULL,HEADERFILL-NULL,HEADERFILL-NULL,HEADERFILL-NULL,HEADERFILL-NULL,HEADERFILL-NULL,HEADERFILL-NULL,18098,19206
0,Growing Together,2016,HEADERFILL-NULL,HEADERFILL-NULL,HEADERFILL-NULL,HEADERFILL-NULL,HEADERFILL-NULL,HEADERFILL-NULL,HEADERFILL-NULL,HEADERFILL-NULL,HEADERFILL-NULL,HEADERFILL-NULL,HEADERFILL-NULL,HEADERFILL-NULL,HEADERFILL-NULL,HEADERFILL-NULL,HEADERFILL-NULL,HEADERFILL-NULL,HEADERFILL-NULL,HEADERFILL-NULL,HEADERFILL-NULL,HEADERFILL-NULL,HEADERFILL-NULL,HEADERFILL-NULL,HEADERFILL-NULL,HEADERFILL-NULL,HEADERFILL-NULL,HEADERFILL-NULL,HEADERFILL-NULL,HEADERFILL-NULL,HEADERFILL-NULL,HEADERFILL-NULL,HEADERFILL-NULL,HEADERFILL-NULL,2358,18098
0,Growing Together,2015,CRECIENDO UNIDOS UNIFIES AND STRENGTHENS FAMILIES TO CREATE HEALTHIER COMMUNITIES WHERE INDIVIDUALS GIVE BACK AND BECOME LEADERS OF CHANGE.,10,8,11,300,0,481280,489575,23370,19,51,0,13439,491367,526435,0,0,0,253205,234037,8905,12907,255188,278616,508593,521558,-17226,4877,237811,248034,18776,24122,219035,223912
0,Healthy Babies Project,2017,Provides care and other services to high risk and low-income pregnant women.,5,4,0,HEADERFILL-NULL,0,416385,700898,0,HEADERFILL-NULL,0,6708,1797,423093,702695,HEADERFILL-NULL,0,0,293355,384860,0,0,122208,147350,415563,532210,7530,170485,165911,223278,78290,29822,87621,193456
0,Healthy Babies Project,2015,Provides care and other services to high risk and low-income pregnant women.,10,9,12,HEADERFILL-NULL,0,247069,416385,0,HEADERFILL-NULL,0,435,6708,247504,423093,HEADERFILL-NULL,0,0,197685,293355,0,0,109495,122208,307180,415563,-59676,7530,99360,165911,46336,78290,53024,87621
0,High Tea Society,2017,HEADERFILL-NULL,HEADERFILL-NULL,HEADERFILL-NULL,HEADERFILL-NULL,HEADERFILL-NULL,HEADERFILL-NULL,HEADERFILL-NULL,HEADERFILL-NULL,HEADERFILL-NULL,HEADERFILL-NULL,HEADERFILL-NULL,HEADERFILL-NULL,HEADERFILL-NULL,HEADERFILL-NULL,HEADERFILL-NULL,HEADERFILL-NULL,HEADERFILL-NULL,HEADERFILL-NULL,HEADERFILL-NULL,HEADERFILL-NULL,HEADERFILL-NULL,HEADERFILL-NULL,HEADERFILL-NULL,HEADERFILL-NULL,HEADERFILL-NULL,HEADERFILL-NULL,HEADERFILL-NULL,HEADERFILL-NULL,HEADERFILL-NULL,HEADERFILL-NULL,HEADERFILL-NULL,HEADERFILL-NULL,4513,5142
0,High Tea Society,2016,HEADERFILL-NULL,HEADERFILL-NULL,HEADERFILL-NULL,HEADERFILL-NULL,HEADERFILL-NULL,HEADERFILL-NULL,HEADERFILL-NULL,HEADERFILL-NULL,HEADERFILL-NULL,HEADERFILL-NULL,HEADERFILL-NULL,HEADERFILL-NULL,HEADERFILL-NULL,HEADERFILL-NULL,HEADERFILL-NULL,HEADERFILL-NULL,HEADERFILL-NULL,HEADERFILL-NULL,HEADERFILL-NULL,HEADERFILL-NULL,HEADERFILL-NULL,HEADERFILL-NULL,HEADERFILL-NULL,HEADERFILL-NULL,HEADERFILL-NULL,HEADERFILL-NULL,HEADERFILL-NULL,HEADERFILL-NULL,HEADERFILL-NULL,HEADERFILL-NULL,HEADERFILL-NULL,HEADERFILL-NULL,-426,8870
0,High Tea Society,2015,HEADERFILL-NULL,HEADERFILL-NULL,HEADERFILL-NULL,HEADERFILL-NULL,HEADERFILL-NULL,HEADERFILL-NULL,HEADERFILL-NULL,HEADERFILL-NULL,HEADERFILL-NULL,HEADERFILL-NULL,HEADERFILL-NULL,HEADERFILL-NULL,HEADERFILL-NULL,HEADERFILL-NULL,HEADERFILL-NULL,HEADERFILL-NULL,HEADERFILL-NULL,HEADERFILL-NULL,HEADERFILL-NULL,HEADERFILL-NULL,HEADERFILL-NULL,HEADERFILL-NULL,HEADERFILL-NULL,HEADERFILL-NULL,HEADERFILL-NULL,HEADERFILL-NULL,HEADERFILL-NULL,HEADERFILL-NULL,HEADERFILL-NULL,HEADERFILL-NULL,HEADERFILL-NULL,HEADERFILL-NULL,6527,-426
0,Higher Achievement,2017,"PROVIDE AFTER SCHOOL AND SUMMER ACADEMIC ENRICHMENT IN UNDERSERVED AREAS OF DC, VA, PA & MD.",16,16,292,500,0,8735237,10979904,0,299,143,53580,134107,8789116,11114154,0,0,0,4972071,6480636,0,851094,2621500,3593057,7593571,10073693,1195545,1040461,8198373,9254723,1936878,1956859,6261495,7297864
0,Higher Achievement,2016,"PROVIDE OUT OF SCHOOL TIME EDUCATION FOR 5TH THROUGH 8TH GRADERS, TO PUT STUDENTS ON TRACK TO COLLEGE SUCCESS IN FOUR CITIES: DC, BALTIMORE, RICHMOND, AND PITTSBURGH.",15,15,292,1000,-33851,6643567,8735237,0,-9558,299,85562,53580,6719571,8789116,0,0,0,3876300,4972071,0,639074,1695348,2621500,5571648,7593571,1147923,1195545,6904164,8198373,1838131,1936878,5066033,6261495
0,Higher Achievement,2015,PROVIDE OUT OF SCHOOL TIME EDUCATION FOR 5TH THROUGH 8TH GRADERS,14,14,201,906,5526,5726385,6643567,0,239,-9558,113318,85562,5839942,6719571,1074,0,0,3780613,3876300,0,429702,1624702,1695348,5406389,5571648,433553,1147923,5332677,6904164,1414567,1838131,3918110,5066033
0,Hillside Work Scholarship Connection,2018,YOUTH ADVOCACY FOR MIDDLE AND HIGH SCHOOL STUDENTS TO INCREASE GRADUATION RATES,7,6,281,9,0,8025796,7116574,9998732,0,0,1300,0,16478210,17115306,0,0,0,10407233,11000767,0,0,6433778,6547610,16841011,17548377,-362801,-433071,11982553,13553489,807100,2706207,11175453,10847282
0,Hillside Work Scholarship Connection,2017,YOUTH ADVOCACY FOR MIDDLE AND HIGH SCHOOL STUDENTS TO INCREASE GRADUATION RATES,8,7,284,15,0,5887855,8025796,8451114,0,0,1400,1300,14948024,16478210,0,0,0,9104828,10407233,0,0,5784202,6433778,14889030,16841011,58994,-362801,14003740,11982553,981525,807100,13022215,11175453
0,Hillside Work Scholarship Connection,2016,YOUTH ADVOCACY FOR MIDDLE AND HIGH SCHOOL STUDENTS TO INCREASE GRADUATION RATES,8,7,265,7,0,6194710,5887855,9058769,0,0,1500,1400,13659949,14948024,0,0,0,7775908,9104828,0,0,5063558,5784202,12839466,14889030,820483,58994,12865376,14003740,808601,981525,12056775,13022215
0,Hillside Work Scholarship Connection,2015,YOUTH ADVOCACY FOR MIDDLE AND HIGH SCHOOL STUDENTS TO INCREASE GRADUATION RATES,8,7,222,7,0,4948193,6194710,7463739,3509,0,1000,1500,12023791,13659949,0,0,0,7318192,7775908,0,0,5006399,5063558,12324591,12839466,-300800,820483,12924078,12865376,1389455,808601,11534623,12056775
0,Horizons Greater Washington,2017,"HORIZONS GREATER WASHINGTON DEVELOPS PUBLIC PRIVATE PARTNERSHIPS BETWEEN INDEPENDENT AND PUBLIC SCHOOL COMMUNITIES TO PROVIDE ACADEMIC, CULTURAL, AND RECREATIONAL PROGRAMS DESIGNED TO EMPOWER ECONOMICALLY DISADVANTAGED STUDENTS TO REALIZE THEIR FULL POTENTIAL.HORIZONS IS COMMITTED TO THE DEVELOPMENT OF THE WHOLE CHILD BY PROVIDING EXPERIENCES THAT BUILD PROBLEM-SOLVING SKILLS, FOSTER AWARENESS OF COMMUNITY RESPONSIBILTY, INSTILL RESPECT FOR ONESELF AND OTHERS, AND ENCOURAGE A LIFE-LONG INTEREST IN LEARNING.",18,18,100,75,0,786438,838358,8029,41751,36037,-37506,-13106,810947,869318,0,0,0,641855,644285,0,64577,163547,195472,805402,839757,5545,29561,477309,506590,280,0,477029,506590
0,Horizons Greater Washington,2016,"HORIZONS GREATER WASHINGTON DEVELOPS PUBLIC PRIVATE PARTNERSHIPS BETWEEN INDEPENDENT AND PUBLIC SCHOOL COMMUNITIES TO PROVIDE ACADEMIC, CULTURAL, AND RECREATIONAL PROGRAMS DESIGNED TO EMPOWER ECONOMICALLY DISADVANTAGED STUDENTS TO REALIZE THEIR FULL POTENTIAL.HORIZONS IS COMMITTED TO THE DEVELOPMENT OF THE WHOLE CHILD BY PROVIDING EXPERIENCES THAT BUILD PROBLEM-SOLVING SKILLS, FOSTER AWARENESS OF COMMUNITY RESPONSIBILTY, INSTILL RESPECT FOR ONESELF AND OTHERS, AND ENCOURAGE A LIFE-LONG INTEREST IN LEARNING.",17,17,101,50,0,755264,786438,20264,2240,41751,-32527,-37506,763137,810947,0,0,0,523505,641855,0,103830,213775,163547,737280,805402,25857,5545,475504,477309,4020,280,471484,477029
0,Horizons Greater Washington,2015,"HORIZONS GREATER WASHINGTON DEVELOPS PUBLIC PRIVATE PARTNERSHIPS BETWEEN INDEPENDENT AND PUBLIC SCHOOL COMMUNITIES TO PROVIDE ACADEMIC, CULTURAL, AND RECREATIONAL PROGRAMS DESIGNED TO EMPOWER ECONOMICALLY DISADVANTAGED STUDENTS TO REALIZE THEIR FULL POTENTIAL.HORIZONS IS COMMITTED TO THE DEVELOPMENT OF THE WHOLE CHILD BY PROVIDING EXPERIENCES THAT BUILD PROBLEM-SOLVING SKILLS, FOSTER AWARENESS OF COMMUNITY RESPONSIBILTY, INSTILL RESPECT FOR ONESELF AND OTHERS, AND ENCOURAGE A LIFE-LONG INTEREST IN LEARNING.",14,14,102,140,0,689759,755264,38160,1637,2240,-18495,-32527,676401,763137,0,0,0,434716,523505,0,74751,147295,213775,582011,737280,94390,25857,466537,475504,20910,4020,445627,471484
0,Howard University,2017,SUPPORT OF MEDICAL SCHOOL,15,15,2,15,0,310507,888002,85006,102982,120851,-2223,31748,946240,1125607,121250,136000,0,172913,173057,0,36452,382340,359684,676503,668741,269737,456866,3749691,4250606,24660,29628,3725031,4220978
0,Howard University,2016,SUPPORT OF MEDICAL SCHOOL,15,15,2,15,0,214057,310507,534974,67224,102982,19739,-2223,744557,946240,113600,121250,0,163650,172913,0,0,393112,382340,670362,676503,74195,269737,3596629,3749691,60038,24660,3536591,3725031
0,Howard University,2015,SUPPORT OF MEDICAL SCHOOL,15,15,3,17,0,498621,214057,443537,452211,67224,12659,19739,1059826,744557,109400,113600,0,181218,163650,0,34222,320394,393112,611012,670362,448814,74195,3264748,3596629,27282,60038,3237466,3536591
0,Hung Tao Choy Mei Leadership Institute,2017,HEADERFILL-NULL,HEADERFILL-NULL,HEADERFILL-NULL,HEADERFILL-NULL,HEADERFILL-NULL,HEADERFILL-NULL,HEADERFILL-NULL,HEADERFILL-NULL,HEADERFILL-NULL,HEADERFILL-NULL,HEADERFILL-NULL,HEADERFILL-NULL,HEADERFILL-NULL,HEADERFILL-NULL,HEADERFILL-NULL,HEADERFILL-NULL,HEADERFILL-NULL,HEADERFILL-NULL,HEADERFILL-NULL,HEADERFILL-NULL,HEADERFILL-NULL,HEADERFILL-NULL,HEADERFILL-NULL,HEADERFILL-NULL,HEADERFILL-NULL,HEADERFILL-NULL,HEADERFILL-NULL,HEADERFILL-NULL,HEADERFILL-NULL,HEADERFILL-NULL,HEADERFILL-NULL,HEADERFILL-NULL,-11204,-8852
0,Joy of Motion Dance Center,2017,JOY OF MOTION DANCE CENTER (JOMDC) AIMS TO PROVIDE THE HIGHEST QUALITY DANCE EDUCATION AND PERFORMANCE EXPERIENCES THAT REINFORCE THE PRINCIPLE THAT THE ART OF DANCE IS FOR EVERYONE. JOY OF MOTION DANCE CENTER TEACHES AND ENCOURAGES PEOPLE OF ALL AGES TO INTEGRATE DANCE INTO THEIR LIVES FOR BETTER INDIVIDUAL AND COMMUNITY HEALTH AND WELL-BEING.,12,12,38,80,0,345633,281596,2579985,1596,1527,4767,6462,2619214,2869570,41697,62762,0,815783,896372,0,120520,1919693,1876481,2777173,2835615,-157959,33955,716033,881457,578532,710001,137501,171456
0,Joy of Motion Dance Center,2016,JOY OF MOTION DANCE CENTER (JOMDC) AIMS TO PROVIDE THE HIGHEST QUALITY DANCE EDUCATION AND PERFORMANCE EXPERIENCES THAT REINFORCE THE PRINCIPLE THAT THE ART OF DANCE IS FOR EVERYONE. JOY OF MOTION DANCE CENTER TEACHES AND ENCOURAGES PEOPLE OF ALL AGES TO INTEGRATE DANCE INTO THEIR LIVES FOR BETTER INDIVIDUAL AND COMMUNITY HEALTH AND WELL-BEING.,8,8,28,8,0,336318,345633,2267218,1971,1596,21994,4767,2544404,2619214,45380,41697,0,761982,815783,0,88055,1759708,1919693,2567070,2777173,-22666,-157959,693546,716033,398086,578532,295460,137501
0,Joy of Motion Dance Center,2015,JOY OF MOTION DANCE CENTER (JOMDC) AIMS TO PROVIDE THE HIGHEST QUALITY DANCE EDUCATION AND PERFORMANCE EXPERIENCES THAT REINFORCE THE PRINCIPLE THAT THE ART OF DANCE IS FOR EVERYONE. JOY OF MOTION DANCE CENTER TEACHES AND ENCOURAGES PEOPLE OF ALL AGES TO INTEGRATE DANCE INTO THEIR LIVES FOR BETTER INDIVIDUAL AND COMMUNITY HEALTH AND WELL-BEING.,8,8,23,0,0,346910,336318,2184121,1704,1971,975,21994,2524848,2544404,19781,45380,0,713302,761982,0,83740,1675202,1759708,2408285,2567070,116563,-22666,762345,693546,444219,398086,318126,295460
0,Just Keep Livin,2017,HEADERFILL-NULL,HEADERFILL-NULL,HEADERFILL-NULL,HEADERFILL-NULL,HEADERFILL-NULL,HEADERFILL-NULL,HEADERFILL-NULL,HEADERFILL-NULL,HEADERFILL-NULL,HEADERFILL-NULL,HEADERFILL-NULL,HEADERFILL-NULL,HEADERFILL-NULL,HEADERFILL-NULL,HEADERFILL-NULL,HEADERFILL-NULL,HEADERFILL-NULL,HEADERFILL-NULL,HEADERFILL-NULL,HEADERFILL-NULL,HEADERFILL-NULL,HEADERFILL-NULL,HEADERFILL-NULL,HEADERFILL-NULL,HEADERFILL-NULL,HEADERFILL-NULL,HEADERFILL-NULL,HEADERFILL-NULL,3055894,3516140,234,0,HEADERFILL-NULL,HEADERFILL-NULL
0,Just Keep Livin,2016,HEADERFILL-NULL,HEADERFILL-NULL,HEADERFILL-NULL,HEADERFILL-NULL,HEADERFILL-NULL,HEADERFILL-NULL,HEADERFILL-NULL,HEADERFILL-NULL,HEADERFILL-NULL,HEADERFILL-NULL,HEADERFILL-NULL,HEADERFILL-NULL,HEADERFILL-NULL,HEADERFILL-NULL,HEADERFILL-NULL,HEADERFILL-NULL,HEADERFILL-NULL,HEADERFILL-NULL,HEADERFILL-NULL,HEADERFILL-NULL,HEADERFILL-NULL,HEADERFILL-NULL,HEADERFILL-NULL,HEADERFILL-NULL,HEADERFILL-NULL,HEADERFILL-NULL,HEADERFILL-NULL,HEADERFILL-NULL,1793342,3055894,HEADERFILL-NULL,234,HEADERFILL-NULL,HEADERFILL-NULL
0,KSS,2018,"TO BUILD A SUSTAINABLE, GEOGRAPHICALLY DISTRIBUTED DARK ARCHIVE WITH WHICH TO ENSURE THE LONG-TERM SURVIVAL OF WEB-BASED SCHOLARLY PUBLICATIONS FOR THE BENEFIT OF THE GREATER GLOBAL RESEARCH COMMUNITY.",22,22,0,HEADERFILL-NULL,0,1012800,1059013,575021,12541,11035,HEADERFILL-NULL,0,1259927,1645069,HEADERFILL-NULL,0,0,157644,0,0,2994,917179,1418755,1074823,1418755,185104,226314,729893,762700,270387,85516,459506,677184
0,KSS,2015,"THE ASSOCIATION IS COMMITTED TO THE PROMOTION OF PUBLIC HEALTH, PHYSICAL FITNESS, AND THE WELL-BEING OF THE PEOPLE OF THE UNITED STATES ORGANIZING, (SEE SCHEDULE O)",14,14,7,15,2480,15980,8045,407700,13336,16779,5767,3372,570706,435896,0,0,0,228232,233752,0,0,385940,261294,614172,495046,-43466,-59150,1189862,1131795,102784,111164,1087078,1020631
0,Latin American Youth Center ,2018,"YOUTHBUILD PCS OPERATES AS PART OF THE DISTRICT OF COLUMBIA'S PUBLIC SCHOOL SYSTEM, FOCUSING EXCLUSIVELY ON DISCONNECTED YOUTH - YOUNG MEN AND WOMEN BETWEEN THE AGES OF 16-24 WHO ARE NEITHER EMPLOYED NOR ENROLLED IN AN ACADEMIC INSTITUTION. THROUGH ITS PROGRAMS, YOUTHBUILD PCS SEEKS TO TRANSFORM THE LIVES OF DISCONNECTED YOUTH BY OFFERING A PROGRAM, IN ENGLISH AND SPANISH, THAT COMBINES RIGOROUS ACADEMIC INSTRUCTION WITH VOCATIONAL TRAINING, LIFE AND EMPLOYABILITY SKILLS-BUILDING, AND COMMUNITY SERVICE. ONE OF FEW ALTERNATIVE SCHOOLS IN THE DISTRICT, YOUTHBUILD PCS' PROGRAM IS DESIGNED TO PROVIDE STUDENTS WITH OPPORTUNITIES TO SUCCEED, INCLUDING ACCESS TO POST-SECONDARY EDUCATION AND EMPLOYMENT. STUDENTS PARTICIPATE IN A COMPREHENSIVE ACADEMIC PROGRAM IN A NON-TRADITIONAL LEARNING ENVIRONMENT WHILE CONTRIBUTING TO THEIR COMMUNITY THROUGH DEVELOPMENT OF HOUSING FOR LOW-INCOME RESIDENTS OF THE DISTRICT OF COLUMBIA. SMALL BY DESIGN, YOUTHBUILD PCS' NURTURING LEARNING COMMUNITY UTILIZES IN",9,9,28,9,0,656277,764844,2285919,24528,1128,HEADERFILL-NULL,0,3014091,3051891,500,0,0,1522131,1331468,0,6266,1704530,1447321,3227161,2778789,-213070,273102,483300,685308,80523,63696,402777,621612
0,Latin American Youth Center ,2017,"YOUTHBUILD PCS OPERATES AS PART OF THE DISTRICT OF COLUMBIA'S PUBLIC SCHOOL SYSTEM, FOCUSING EXCLUSIVELY ON DISCONNECTED YOUTH - YOUNG MEN AND WOMEN BETWEEN THE AGES OF 16-24 WHO ARE NEITHER EMPLOYED NOR ENROLLED IN AN ACADEMIC INSTITUTION. THROUGH ITS PROGRAMS, YOUTHBUILD PCS SEEKS TO TRANSFORM THE LIVES OF DISCONNECTED YOUTH BY OFFERING A PROGRAM, IN ENGLISH AND SPANISH, THAT COMBINES RIGOROUS ACADEMIC INSTRUCTION WITH VOCATIONAL TRAINING, LIFE AND EMPLOYABILITY SKILLS-BUILDING, AND COMMUNITY SERVICE. ONE OF FEW ALTERNATIVE SCHOOLS IN THE DISTRICT, YOUTHBUILD PCS' PROGRAM IS DESIGNED TO PROVIDE STUDENTS WITH OPPORTUNITIES TO SUCCEED, INCLUDING ACCESS TO POST-SECONDARY EDUCATION AND EMPLOYMENT. STUDENTS PARTICIPATE IN A COMPREHENSIVE ACADEMIC PROGRAM IN A NON-TRADITIONAL LEARNING ENVIRONMENT WHILE CONTRIBUTING TO THEIR COMMUNITY THROUGH DEVELOPMENT OF HOUSING FOR LOW-INCOME RESIDENTS OF THE DISTRICT OF COLUMBIA. SMALL BY DESIGN, YOUTHBUILD PCS' NURTURING LEARNING COMMUNITY UTILIZES IN",7,7,32,7,0,659281,656277,2333286,21230,24528,HEADERFILL-NULL,0,2772670,3014091,HEADERFILL-NULL,500,0,1613895,1522131,0,17887,1266319,1704530,2880214,3227161,-107544,-213070,807369,483300,172925,80523,634444,402777
0,Latin American Youth Center ,2016,"THE VISION OF THE SCHOOL IS TO TRANSFORM THE LIVES OF OUT-OF-SCHOOL YOUTH IN THE DISTRICT OF COLUMBIA BY OFFERING A BILINGUAL EDUCATIONAL OPTION THAT COMBINES AN ACADEMIC PROGRAM WITH VOCATIONAL TRAINING, EMPLOYABILITY SKILL-BUILDING, AND COMMUNITY SERVICE - A PROGRAM DESIGNED TO PREPARE YOUNG PEOPLE FOR COLLEGE OR THE WORKPLACE WHILE THEY WORK TO CREATE HOUSING FOR THE CITY'S LOW-INCOME RESIDENTS.",7,7,33,7,0,745010,659281,2092159,25351,21230,0,0,2592162,2772670,0,0,0,1744403,1613895,0,26408,1120277,1266319,2864680,2880214,-272518,-107544,848772,807369,94024,172925,754748,634444
0,Latino Student Fund,2017,"THE LATINO STUDENT FUND (LSF) IS A NON-PROFIT ORGANIZATION FOUNDED IN 1994 IN WASHINGTON, D.C. WITH A MISSION TO PROVIDE OPPORTUNITIES FOR A STRONG ACADEMIC FOUNDATION FOR UNDERSERVED PREK-12TH GRADE STUDENTS OF HISPANIC DESCENT AND TO PROMOTE HIGHER EDUCATION AND PROFESSIONAL LEADERSHIP.",14,14,9,296,0,558286,502646,32507,485,681,8145,25259,566916,561093,78500,62500,0,291222,350294,0,70073,213177,202212,582899,615006,-15983,-53913,349965,276101,23987,34180,325978,241921
0,Latino Student Fund,2016,The mission of the Latino Student Fund (LSF) is to provide opportunities for a strong academic foundation for underserved PreK-12th grade students of Hispanic descent and to promote higher education and professional leadership.,13,13,6,HEADERFILL-NULL,0,477506,558286,0,1164,485,32067,8145,510737,566916,96500,78500,0,247673,291222,0,76570,160012,213177,504185,582899,6552,-15983,350616,349965,9507,23987,341109,325978
0,Latino Student Fund,2015,The mission of the Latino Student Fund (LSF) is to provide opportunities for a strong academic foundation for underserved PreK-12th grade students of Hispanic descent and to promote higher education and professional leadership.,10,10,4,HEADERFILL-NULL,0,393940,477506,0,1162,1164,49945,32067,445047,510737,92000,96500,0,215586,247673,0,55775,153407,160012,463364,504185,-18317,6552,371408,350616,3851,9507,367557,341109
0,Learning Tree,2018,THE PROGRAM ALLOWS FOR STRUCTURED LEARNING ENVIRONMENT WHILE UTILIZING A SPIRITUAL CURRICULUM WITH THE CHILDREN UNDER ITS CARE.,5,0,12,HEADERFILL-NULL,0,37252,42959,294831,97,90,HEADERFILL-NULL,0,264467,337880,HEADERFILL-NULL,0,0,125857,140555,0,0,146713,137177,272570,277732,-8103,60148,557464,617612,HEADERFILL-NULL,0,557464,617612
0,Learning Tree,2018,THE PROGRAM ALLOWS FOR STRUCTURED LEARNING ENVIRONMENT WHILE UTILIZING A SPIRITUAL CURRICULUM WITH THE CHILDREN UNDER ITS CARE.,5,0,12,HEADERFILL-NULL,0,37252,42959,294831,97,90,HEADERFILL-NULL,0,264467,337880,HEADERFILL-NULL,0,0,125857,140555,0,0,146713,137177,272570,277732,-8103,60148,557464,617612,HEADERFILL-NULL,0,557464,617612
0,Learning Tree,2017,THE SCHOOL PROVIDES FULL LEARNING PROGRAM TO PREPARE PRE-SCHOOL CHILDREN FOR KINDERGARTEN,5,1,12,2,0,300,0,99189,HEADERFILL-NULL,0,10493,5606,128699,104795,HEADERFILL-NULL,0,0,71958,69445,0,0,48068,32106,120026,101551,8673,3244,90869,93740,1809,1436,89060,92304
0,Learning Tree,2017,THE SCHOOL PROVIDES FULL LEARNING PROGRAM TO PREPARE PRE-SCHOOL CHILDREN FOR KINDERGARTEN,5,1,12,2,0,300,0,99189,HEADERFILL-NULL,0,10493,5606,128699,104795,HEADERFILL-NULL,0,0,71958,69445,0,0,48068,32106,120026,101551,8673,3244,90869,93740,1809,1436,89060,92304
0,Learning Tree,2016,THE PROGRAM ALLOWS FOR STRUCTURED LEARNING ENVIRONMENT WHILE UTILIZING A SPIRITUAL CURRICULUM WITH THE CHILDREN UNDER ITS CARE.,0,0,7,HEADERFILL-NULL,0,HEADERFILL-NULL,20000,227294,3,64,HEADERFILL-NULL,0,153707,247358,HEADERFILL-NULL,0,0,119323,136941,0,0,151440,151485,270763,288426,-117056,-41068,615847,567501,9212,1934,606635,565567
0,Learning Tree,2016,THE PROGRAM ALLOWS FOR STRUCTURED LEARNING ENVIRONMENT WHILE UTILIZING A SPIRITUAL CURRICULUM WITH THE CHILDREN UNDER ITS CARE.,0,0,7,HEADERFILL-NULL,0,HEADERFILL-NULL,20000,227294,3,64,HEADERFILL-NULL,0,153707,247358,HEADERFILL-NULL,0,0,119323,136941,0,0,151440,151485,270763,288426,-117056,-41068,615847,567501,9212,1934,606635,565567
0,Learning Tree,2015,"The Learning Tree provides a safe, healthy, cultural and educational environment for young children while their parents are unable to care for them due to work, disability or other reason. We provide dignity and self-esteem through quality education to children of very low income families.",13,13,46,5,0,558204,486407,836014,7,8,32465,35524,1434587,1357953,7694,3170,0,750073,753969,0,0,733331,573801,1491098,1330940,-56511,27013,9128,33347,HEADERFILL-NULL,0,9128,33347
0,Learning Tree,2015,"The Learning Tree provides a safe, healthy, cultural and educational environment for young children while their parents are unable to care for them due to work, disability or other reason. We provide dignity and self-esteem through quality education to children of very low income families.",13,13,46,5,0,558204,486407,836014,7,8,32465,35524,1434587,1357953,7694,3170,0,750073,753969,0,0,733331,573801,1491098,1330940,-56511,27013,9128,33347,HEADERFILL-NULL,0,9128,33347
0,Life Pieces to Masterpieces,2017,YOUTH DEVELOPMENT PROGRAM FOR BOYS AND YOUNG MEN LIVING IN LOW-INCOME AND PUBLIC HOUSING.,16,15,42,40,0,1180986,1010579,33643,0,0,0,0,1215288,1044222,0,0,0,648787,710656,0,129943,442365,369897,1091152,1080553,124136,-36331,489927,473573,33805,53782,456122,419791
0,Life Pieces to Masterpieces,2015,YOUTH DEVELOPMENT PROGRAM FOR BOYS AND YOUNG MEN LIVING IN LOW-INCOME AND PUBLIC HOUSING.,12,12,41,70,0,1110706,1180986,34302,0,0,-1972,0,1139002,1215288,0,0,0,558392,648787,0,158843,293498,442365,851890,1091152,287112,124136,446384,489927,114398,33805,331986,456122
0,Little Lights Urban Ministries,2017,"LITTLE LIGHTS URBAN MINISTRIES EMPOWERS UNDER-SERVED YOUTH AND FAMILIES IN WASHINGTON, DC WITH THE LOVE OF CHRIST. WE SEEK TO DEVELOP THEIR GOD-GIVEN POTENTIAL SPIRITUALLY, SOCIALLY, AND INTELLECTUALLY THROUGH ACADEMICS, LIFE SKILLS, THE ARTS, AND DISCIPLESHIP.",12,11,59,631,0,1210232,1219379,0,1957,4407,34443,38892,1246632,1262678,HEADERFILL-NULL,0,0,644105,757947,0,84446,432256,445114,1076361,1203061,170271,59617,1144289,1141079,228985,166158,915304,974921
0,Little Lights Urban Ministries,2016,"LITTLE LIGHTS URBAN MINISTRIES EMPOWERS UNDER-SERVED YOUTH AND FAMILIES IN WASHINGTON, DC WITH THE LOVE OF CHRIST. WE SEEK TO DEVELOP THEIR GOD-GIVEN POTENTIAL SPIRITUALLY, SOCIALLY, AND INTELLECTUALLY THROUGH ACADEMICS, LIFE SKILLS, THE ARTS, AND DISCIPLESHIP.",11,9,39,HEADERFILL-NULL,0,936394,1210232,0,453,1957,48957,34443,985804,1246632,HEADERFILL-NULL,0,0,591297,644105,0,134326,396842,432256,988139,1076361,-2335,170271,899516,1144289,154483,228985,745033,915304
0,Little Lights Urban Ministries,2015,"LITTLE LIGHTS URBAN MINISTRIES EMPOWERS UNDER-SERVED YOUTH AND FAMILIES IN WASHINGTON, DC WITH THE LOVE OF CHRIST. WE SEEK TO DEVELOP THEIR GOD-GIVEN POTENTIAL SPIRITUALLY, SOCIALLY, AND INTELLECTUALLY THROUGH ACADEMICS, LIFE SKILLS, THE ARTS, AND DISCIPLESHIP.",11,9,55,530,0,882515,936394,0,287,453,35915,48957,918717,985804,HEADERFILL-NULL,0,0,499709,591297,0,134765,423650,396842,923359,988139,-4642,-2335,942208,899516,194840,154483,747368,745033
0,Luma Lab,2017,HEADERFILL-NULL,HEADERFILL-NULL,HEADERFILL-NULL,HEADERFILL-NULL,HEADERFILL-NULL,HEADERFILL-NULL,HEADERFILL-NULL,HEADERFILL-NULL,HEADERFILL-NULL,HEADERFILL-NULL,HEADERFILL-NULL,HEADERFILL-NULL,HEADERFILL-NULL,HEADERFILL-NULL,HEADERFILL-NULL,HEADERFILL-NULL,HEADERFILL-NULL,HEADERFILL-NULL,HEADERFILL-NULL,HEADERFILL-NULL,HEADERFILL-NULL,HEADERFILL-NULL,HEADERFILL-NULL,HEADERFILL-NULL,HEADERFILL-NULL,HEADERFILL-NULL,HEADERFILL-NULL,HEADERFILL-NULL,HEADERFILL-NULL,HEADERFILL-NULL,HEADERFILL-NULL,HEADERFILL-NULL,315017,290724
0,Luma Lab,2016,HEADERFILL-NULL,HEADERFILL-NULL,HEADERFILL-NULL,HEADERFILL-NULL,HEADERFILL-NULL,HEADERFILL-NULL,HEADERFILL-NULL,HEADERFILL-NULL,HEADERFILL-NULL,HEADERFILL-NULL,HEADERFILL-NULL,HEADERFILL-NULL,HEADERFILL-NULL,HEADERFILL-NULL,HEADERFILL-NULL,HEADERFILL-NULL,HEADERFILL-NULL,HEADERFILL-NULL,HEADERFILL-NULL,HEADERFILL-NULL,HEADERFILL-NULL,HEADERFILL-NULL,HEADERFILL-NULL,HEADERFILL-NULL,HEADERFILL-NULL,HEADERFILL-NULL,HEADERFILL-NULL,HEADERFILL-NULL,HEADERFILL-NULL,HEADERFILL-NULL,HEADERFILL-NULL,HEADERFILL-NULL,335414,315017
0,Luma Lab,2015,HEADERFILL-NULL,HEADERFILL-NULL,HEADERFILL-NULL,HEADERFILL-NULL,HEADERFILL-NULL,HEADERFILL-NULL,HEADERFILL-NULL,HEADERFILL-NULL,HEADERFILL-NULL,HEADERFILL-NULL,HEADERFILL-NULL,HEADERFILL-NULL,HEADERFILL-NULL,HEADERFILL-NULL,HEADERFILL-NULL,HEADERFILL-NULL,HEADERFILL-NULL,HEADERFILL-NULL,HEADERFILL-NULL,HEADERFILL-NULL,HEADERFILL-NULL,HEADERFILL-NULL,HEADERFILL-NULL,HEADERFILL-NULL,HEADERFILL-NULL,HEADERFILL-NULL,HEADERFILL-NULL,HEADERFILL-NULL,HEADERFILL-NULL,HEADERFILL-NULL,HEADERFILL-NULL,HEADERFILL-NULL,313993,335414
0,Multicultural Career Intern Program,2017,"THE MISSION OF MCIP AND ITS PUBLIC SCHOOL AFFILIATE, CHEC, IS TO STRIVE TO BECOME A MODEL PROFESSIONAL LEARNING COMMUNITY THAT RESPECTS AND RESPONDS TO THE DIVERSE NEEDS OF OUR UNDERSERVED STUDENTS BY PREPARING THEM FOR THE ACADEMIC RIGORS OF COLLEGE AND AS LEADERS IN THE QUEST FOR SOCIAL JUSTICE. A PROFESSIONAL LEARNING COMMUNITY IS A COLLABORATIVE ACADEMIC ENVIRONMENT IN WHICH THE ADMINISTRATIVE STAFF AND TEACHERS IN A SCHOOL CONTINUOUSLY SEEK AND SHARE LEARNING AND THEN ACT ON WHAT THEY LEARN. THE GOAL IS TO ENHANCE THEIR EFFECTIVENESS AS PROFESSIONALS TO BENEFIT STUDENT EDUCATION. THE RESULTS OF THIS RESEARCH-BASED APPROACH IS THAT STUDENTS EXPERIENCE DECREASED DROPOUT RATE AND FEWER CLASSES ""SKIPPED"", LOWER RATES OF ABSENTEEISM, INCREASED LEARNING THAT IS DISTRIBUTED MORE EQUITABLY IN A SMALLER SIZED SCHOOL, GREATER ACADEMIC GAINS THAN IN TRADITIONAL SCHOOLS, AND SMALLER ACHIEVEMENT GAPS BETWEEN STUDENTS FROM DIFFERENT BACKGROUNDS.",12,12,28,HEADERFILL-NULL,0,1455663,1788594,607954,2131,41998,HEADERFILL-NULL,20288,2008079,2458834,79000,82000,0,985806,1139192,0,10060,1039479,1421414,2104285,2642606,-96206,-183772,1154325,1063886,525399,618732,628926,445154
0,Multicultural Career Intern Program,2016,"THE MISSION OF MCIP AND ITS PUBLIC SCHOOL AFFILIATE, CHEC, IS TO STRIVE TO BECOME A MODEL PROFESSIONAL LEARNING COMMUNITY THAT RESPECTS AND RESPONDS TO THE DIVERSE NEEDS OF OUR UNDERSERVED STUDENTS BY PREPARING THEM FOR THE ACADEMIC RIGORS OF COLLEGE AND AS LEADERS IN THE QUEST FOR SOCIAL JUSTICE. A PROFESSIONAL LEARNING COMMUNITY IS A COLLABORATIVE ACADEMIC ENVIRONMENT IN WHICH THE ADMINISTRATIVE STAFF AND TEACHERS IN A SCHOOL CONTINUOUSLY SEEK AND SHARE LEARNING AND THEN ACT ON WHAT THEY LEARN. THE GOAL IS TO ENHANCE THEIR EFFECTIVENESS AS PROFESSIONALS TO BENEFIT STUDENT EDUCATION. THE RESULTS OF THIS RESEARCH-BASED APPROACH IS THAT STUDENTS EXPERIENCE DECREASED DROPOUT RATE AND FEWER CLASSES ""SKIPPED"", LOWER RATES OF ABSENTEEISM, INCREASED LEARNING THAT IS DISTRIBUTED MORE EQUITABLY IN A SMALLER SIZED SCHOOL, GREATER ACADEMIC GAINS THAN IN TRADITIONAL SCHOOLS, AND SMALLER ACHIEVEMENT GAPS BETWEEN STUDENTS FROM DIFFERENT BACKGROUNDS.",17,17,26,HEADERFILL-NULL,0,1856110,1455663,550285,-465,2131,33951,0,2255515,2008079,79000,79000,0,962566,985806,0,2972,1071702,1039479,2113268,2104285,142247,-96206,1430385,1154325,705253,525399,725132,628926
0,Multicultural Career Intern Program,2015,"THE MISSION OF MCIP AND ITS PUBLIC SCHOOL AFFILIATE, CHEC, IS TO STRIVE TO BECOME A MODEL PROFESSIONAL LEARNING COMMUNITY THAT RESPECTS AND RESPONDS TO THE DIVERSE NEEDS OF OUR UNDER-SERVED STUDENTS BY PREPARING THEM FOR THE ACADEMIC RIGORS OF COLLEGE AND AS LEADERS IN THE QUEST FOR SOCIAL JUSTICE. A PROFESSIONAL LEARNING COMMUNITY IS A COLLABORATIVE ACADEMIC ENVIRONMENT IN WHICH THE ADMINISTRATIVE STAFF AND TEACHERS IN A SCHOOL CONTINUOUSLY SEEK AND SHARE LEARNING AND THEN ACT ON WHAT THEY LEARN. THE GOAL IS TO ENHANCE THEIR EFFECTIVENESS AS PROFESSIONALS TO BENEFIT STUDENT EDUCATION. THE RESULTS OF THIS RESEARCH-BASED APPROACH IS THAT STUDENTS EXPERIENCE DECREASED DROPOUT RATE AND FEWER CLASSES ""SKIPPED"", LOWER RATES OF ABSENTEEISM, INCREASED LEARNING THAT IS DISTRIBUTED MORE EQUITABLY IN A SMALLER SIZED SCHOOL, GREATER ACADEMIC GAINS THAN IN TRADITIONAL SCHOOLS, AND SMALLER ACHIEVEMENT GAPS BETWEEN STUDENTS FROM DIFFERENT BACKGROUNDS.",17,17,28,0,0,1707903,1856110,365919,7380,-465,116925,33951,1963636,2255515,97100,79000,0,1037144,962566,0,12093,1039432,1071702,2173676,2113268,-210040,142247,1068044,1430385,485159,705253,582885,725132
0,Musicianship,2018,"The MusicianShips mission is to change lives by facilitating music lessons, experiences, and opportunities for people who need us most.",9,9,1,HEADERFILL-NULL,0,202114,220686,3137,HEADERFILL-NULL,0,HEADERFILL-NULL,0,208756,223823,HEADERFILL-NULL,0,0,25431,36006,0,24654,146627,191048,172058,227054,36698,-3231,54750,57723,7614,13818,47136,43905
0,Musicianship,2017,"The MusicianShips mission is to change lives by facilitating music lessons, experiences, and opportunities for people who need us most.",7,7,1,HEADERFILL-NULL,0,HEADERFILL-NULL,202114,6642,HEADERFILL-NULL,0,HEADERFILL-NULL,0,HEADERFILL-NULL,208756,HEADERFILL-NULL,0,0,HEADERFILL-NULL,25431,0,29845,HEADERFILL-NULL,146627,HEADERFILL-NULL,172058,HEADERFILL-NULL,36698,HEADERFILL-NULL,54750,HEADERFILL-NULL,7614,HEADERFILL-NULL,47136
0,National Center for Children and Families,2018,"See Schedule OTHE ORGANIZATION IS COMMITTED TO SERVING VULNERABLE CHILDREN, YOUTH AND FAMILIES IN THE NATIONAL CAPITAL AREA.",20,20,224,2607,0,5415698,5852705,17398633,23424,83362,411974,95727,26560421,23430427,0,0,0,11915933,12017848,0,596420,14622669,11788021,26538602,23805869,21819,-375442,19101596,19287908,9098010,9682363,10003586,9605545
0,National Center for Children and Families,2017,"THE ORGANIZATION IS COMMITTED TO SERVING VULNERABLE CHILDREN, YOUTH AND FAMILIES IN THE NATIONAL CAPITAL AREA.",18,18,237,1533,0,4190714,5415698,20709325,33201,23424,278487,411974,22568639,26560421,0,0,0,11026077,11915933,0,575920,11529250,14622669,22555327,26538602,13312,21819,18996284,19101596,9009985,9098010,9986299,10003586
0,National Center for Children and Families,2016,"THE ORGANIZATION IS COMMITTED TO SERVING VULNERABLE CHILDREN, YOUTH AND FAMILIES IN THE NATIONAL CAPITAL AREA.",18,18,228,1543,0,5286599,4190714,18066237,21500,33201,74200,278487,20269413,22568639,0,0,0,9742091,11026077,0,761182,10488507,11529250,20230598,22555327,38815,13312,14817342,18996284,4829645,9009985,9987697,9986299
0,National Center for Children and Families,2015,"THE ORGANIZATION IS COMMITTED TO SERVING VULNERABLE CHILDREN, YOUTH AND FAMILIES IN THE NATIONAL CAPITAL AREA.",20,20,219,1523,0,3869994,5286599,14887114,1334,21500,98703,74200,17727689,20269413,0,0,0,8681401,9742091,0,528582,9236477,10448507,17917878,20190598,-190189,78815,15414961,14817342,5536016,4829645,9878945,9987697
0,National Organization of Concerned Black Men,2017,"CONCERNED BLACK MEN NATIONAL PROVIDES GUIDANCE, SUPPORT AND ENCOURAGEMENT TO CHILDREN WHILE STABILIZING FAMILIES POSITIONING THEM TO LEAD HEALTH PRODUCTIVE LIVES.",6,5,28,125,0,2831272,1687251,0,HEADERFILL-NULL,0,63,0,2831335,1687251,HEADERFILL-NULL,0,0,1804778,966393,0,9570,932955,794259,2737733,1760652,93602,-73401,137743,118425,280442,334525,-142699,-216100
0,National Organization of Concerned Black Men,2016,"CONCERNED BLACK MEN NATIONAL PROVIDES GUIDANCE, SUPPORT AND ENCOURAGEMENT TO CHILDREN WHILE STABILIZING FAMILIES POSITIONING THEM TO LEAD HEALTH PRODUCTIVE LIVES.",6,5,28,125,0,2748172,2831272,0,HEADERFILL-NULL,0,HEADERFILL-NULL,63,2748172,2831335,HEADERFILL-NULL,0,0,1688674,1804778,0,3866,1019524,932955,2708198,2737733,39974,93602,203133,137743,439434,280442,-236301,-142699
0,National Organization of Concerned Black Men,2015,"CONCERNED BLACK MEN NATIONAL PROVIDES GUIDANCE, SUPPORT AND ENCOURAGEMENT TO CHILDREN WHILE STABILIZING FAMILIES, POSITIONING THEM TO LEAD HEALTH PRODUCTIVE LIVES.",6,5,28,125,0,2346695,2748172,0,HEADERFILL-NULL,0,3879,0,2350574,2748172,HEADERFILL-NULL,0,0,1506683,1688674,0,0,813010,1019524,2319693,2708198,30881,39974,251896,203133,222491,439434,29405,-236301
0,Nationals Youth Baseball Academy,2017,"TO USE BASEBALL AND SOFTBALL AS VEHICLES TO FOSTER POSITIVE CHARACTER DEVELOPMENT, ACADEMIC ACHIEVEMENT,AND IMPROVED HEALTH AMONG YOUTH FROM UNDERSERVED COMMUNITIES IN D.C.",17,17,0,350,0,1217270,1460105,0,0,323,32287,46886,1249557,1507314,0,0,0,623643,1013335,0,212197,2206256,2290944,2829899,3304279,-1580342,-1796965,19161114,17003737,1746016,1450160,17415098,15553577
0,Nationals Youth Baseball Academy,2016,"TO USE BASEBALL AND SOFTBALL AS VEHICLES TO FOSTER POSITIVE CHARACTER DEVELOPMENT, ACADEMIC ACHIEVEMENT,AND IMPROVED HEALTH AMONG YOUTH FROM UNDERSERVED COMMUNITIES IN D.C.",17,17,0,250,0,13609762,1217270,0,0,0,0,32287,13609762,1249557,0,0,0,129992,623643,0,232611,331682,2206256,461674,2829899,13148088,-1580342,20626108,19161114,1646440,1746016,18979668,17415098
0,New Community for Children,2016,"TO EMPOWER CHILDREN THROUGH EDUCATIONAL, CULTURAL, AND SPIRITUAL ENRICHMENT. TOWARD THAT END, NCFC WORKS WITH PARENTS, TEACHERS, THE COMMUNITY, AND OTHER SOCIAL SERVICE ORGANIZATIONS IN WASHINGTON DC TO ADDRESS THE COMPREHENSIVE EDUCATIONAL NEEDS OF CHILDREN. NCFC PREPARES STUDENTS TO BECOME RESPONSIBLE AND PRODUCTIVE ADULTS WHO, IN TURN, WILL GIVE THEIR TIME AND TALENTS BACK TO THEIR COMMUNITIES.",7,4,14,40,0,564619,491755,1350,0,0,0,0,572160,493105,62927,125184,0,302423,231566,0,150,222446,190711,587796,547461,-15636,-54356,311818,350945,83315,176798,228503,174147
0,New Community for Children,2015,"TO EMPOWER CHILDREN THROUGH EDUCATIONAL, CULTURAL, AND SPIRITUAL ENRICHMENT. TOWARD THAT END, NCFC WORKS WITH PARENTS, TEACHERS, THE COMMUNITY, AND OTHER SOCIAL SERVICE ORGANIZATIONS IN WASHINGTON DC TO ADDRESS THE COMPREHENSIVE EDUCATIONAL NEEDS OF CHILDREN. NCFC PREPARES STUDENTS TO BECOME RESPONSIBLE AND PRODUCTIVE ADULTS WHO, IN TURN, WILL GIVE THEIR TIME AND TALENTS BACK TO THEIR COMMUNITIES.",11,9,16,40,0,658435,564619,7541,0,0,0,0,668936,572160,74975,62927,0,343848,302423,0,0,158528,222446,592351,587796,76585,-15636,329683,311818,85544,83315,244139,228503
0,Planned Parenthood of Metropolitan Washington,2017,"SEE PART III, LINE 1.",24,24,103,75,0,6376498,6080535,4193921,4310449,87698,-43231,-90123,15573221,10272031,0,0,0,4483569,4160351,104886,705666,4868866,4720599,9406082,8985836,6167139,1286195,25714274,28602842,4942878,6035043,20771396,22567799
0,Planned Parenthood of Metropolitan Washington,2016,"SEE PART III, LINE 1.",18,18,108,48,0,9813493,6376498,4929505,45864,4310449,-44814,-43231,13836469,15573221,15000,0,0,4821684,4483569,53647,858220,4218122,4868866,9140367,9406082,4696102,6167139,18227073,25714274,3344785,4942878,14882288,20771396
0,Planned Parenthood of Metropolitan Washington,2015,"SEE PART III, LINE 1.",21,21,119,60,0,10559843,9813493,4021926,30676,45864,-64563,-44814,14939048,13836469,0,15000,0,4567870,4821684,85561,788826,3894227,4218122,8553460,9140367,6385588,4696102,11659620,18227073,1630853,3344785,10028767,14882288
0,Play Footy,2017,HEADERFILL-NULL,HEADERFILL-NULL,HEADERFILL-NULL,HEADERFILL-NULL,HEADERFILL-NULL,HEADERFILL-NULL,HEADERFILL-NULL,HEADERFILL-NULL,HEADERFILL-NULL,HEADERFILL-NULL,HEADERFILL-NULL,HEADERFILL-NULL,HEADERFILL-NULL,HEADERFILL-NULL,HEADERFILL-NULL,HEADERFILL-NULL,HEADERFILL-NULL,HEADERFILL-NULL,HEADERFILL-NULL,HEADERFILL-NULL,HEADERFILL-NULL,HEADERFILL-NULL,HEADERFILL-NULL,HEADERFILL-NULL,HEADERFILL-NULL,HEADERFILL-NULL,HEADERFILL-NULL,HEADERFILL-NULL,HEADERFILL-NULL,HEADERFILL-NULL,HEADERFILL-NULL,HEADERFILL-NULL,HEADERFILL-NULL,37211
0,Project Create,2018,"Project Create provides accessible arts education to promote positive development in children, youth and families experiencing homelessness and poverty.",8,8,4,25,0,365198,295365,27950,23,23,HEADERFILL-NULL,2165,381921,325503,HEADERFILL-NULL,0,0,295596,231494,0,22866,335879,229200,631475,460694,-249554,-135191,290171,240536,15391,29062,274780,211474
0,Reading Partners,2017,THE ORGANIZATION PARTNERS WITH SCHOOLS TO PROVIDE ONE-ON-ONE LITERACY TUTORING.,11,11,859,13500,0,20268997,20342270,4167968,76,250,13943,10899,23592549,24521387,0,0,0,16702367,22015581,0,2741382,3543371,4752219,20245738,26767800,3346811,-2246413,9561718,10593050,1550291,5369733,8011427,5223317
0,Reading Partners,2016,THE ORGANIZATION PARTNERS WITH SCHOOLS TO PROVIDE ONE-ON-ONE LITERACY TUTORING.,12,12,680,12000,0,15812008,20268997,3309533,287,76,20166,13943,18360158,23592549,0,0,0,13336197,16702367,0,2349180,3725640,3543371,17061837,20245738,1298321,3346811,5913874,9561718,1330031,1550291,4583843,8011427
0,Reading Partners,2015,THE ORGANIZATION PARTNERS WITH SCHOOLS TO PROVIDE ONE-ON-ONE LITERACY TUTORING.,12,12,515,12000,0,11316282,15812008,2527697,1575,287,-23710,20166,12876814,18360158,0,0,0,9205541,13336197,0,1949588,2281806,3725640,11487347,17061837,1389467,1298321,4407864,5913874,1150683,1330031,3257181,4583843
0,Recreation Wish List Committee,2017,IMPROVING RECREATIONAL FACILITIES AND EDUCATIONAL PROGRAMS FOR DC CHILDREN & TEENS.,16,15,14,0,0,864916,553011,0,1176,773,-198550,0,667542,553784,0,0,0,169803,228463,15000,137677,254996,420614,424799,664077,242743,-110293,655670,447866,38607,14578,617063,433288
0,Recreation Wish List Committee,2016,IMPROVING RECREATIONAL FACILITIES AND EDUCATIONAL PROGRAMS FOR DC CHILDREN & TEENS.,15,14,2,0,0,261672,864916,0,2605,1176,57340,-198550,321617,667542,0,0,0,169166,169803,0,132634,197679,254996,366845,424799,-45228,242743,391847,655670,15463,38607,376384,617063
0,Shaw Community Center,2017,"To enhance the lives and expand the opportunities of children, youth, and adults of the Shaw community in Washington, D.C. SCM offers education, youth leadership development, and life skills programming to low income children and youth.",8,8,8,50,0,368757,358134,0,HEADERFILL-NULL,0,2267,3139,371024,361273,11000,19050,0,237405,241085,0,26057,120444,179023,368849,439158,2175,-77885,149577,79743,11331,19382,138246,60361
0,Sitar Arts Center,2018,"SITAR ARTS CENTER'S MISSION IS TO OFFER POSSIBILITIES THAT TRANSFORM THE LIVES OF CHILDREN AND TEENS BORN INTO A WORLD OF UNEQUAL ACCESS TO OPPORTUNITY. WE ACHIEVE THE MISSION BY ENGAGING CHILDREN AND TEENS IN THE HIGHEST QUALITY VISUAL, PERFORMING AND DIGITAL ARTS PROGRAMMING. WE TEACH THE ARTS SO THAT OUR STUDENTS LEARN ABOUT THEMSELVES AND GAIN CRITICAL LIFE SKILLS. WE CREATE COMMUNITY FOR STUDENTS AND THEIR FAMILIES AND WE ARE AN UNTIRING VOICE ON THEIR BEHALF.",18,17,24,300,0,2220520,2053902,128743,-212,4306,-38669,-66977,2296000,2119974,HEADERFILL-NULL,0,0,952516,1015649,0,253294,896981,898718,1849497,1914367,446503,205607,8273444,8504185,3849876,3865685,4423568,4638500
0,Sitar Arts Center,2017,"Sitar Arts Center advances the critical life skills of underserved children and youth in Washington, DC and prepares them for achievement in the 21st century through visual, performing, and digital arts education in a nurturing community. During 2013, Sitar Arts Center served 798 students. True to its mission, Sitar has maintained its policy that 80% of students are from low-income households.",20,19,23,300,0,1871086,2220520,114361,-3651,-212,-21136,-38669,1941498,2296000,0,0,0,850619,952516,0,264362,783808,896981,1634427,1849497,307071,446503,7392157,8273444,3416390,3849876,3975767,4423568
0,Sitar Arts Center,2016,"Sitar Arts Center advances the critical life skills of underserved children and youth in Washington, DC and prepares them for achievement in the 21st century through visual, performing, and digital arts education in a nurturing community. During 2013, Sitar Arts Center served 798 students. True to its mission, Sitar has maintained its policy that 80% of students are from low-income households.",24,23,28,300,0,2507774,1871086,95199,471,-3651,-15687,-21136,2596369,1941498,0,0,0,832146,850619,0,241194,757642,783808,1589788,1634427,1006581,307071,7644473,7392157,3975746,3416390,3668727,3975767
0,Sitar Arts Center,2015,"Sitar Arts Center advances the critical life skills of underserved children and youth in Washington, DC and prepares them for achievement in the 21st century through visual, performing, and digital arts education in a nurturing community. During 2013, Sitar Arts Center served 798 students. True to its mission, Sitar has maintained its policy that 80% of students are from low-income households.",23,22,14,300,0,1433944,2507774,103811,548,471,-25998,-15687,1507995,2596369,0,0,0,710309,832146,0,192362,706087,757642,1416396,1589788,91599,1006581,6713815,7644473,4051669,3975746,2662146,3668727
0,Split This Rock,2018,Split this Rock calls poets to a greater role in public life and fosters a national network of socially engaged poets.,8,8,6,70,0,289374,297345,52975,99,42,0,0,362723,350362,0,0,0,191709,202100,0,23249,244137,156119,435846,358219,-73123,-7857,23612,16335,75,655,23537,15680
0,Split This Rock,2017,Split this Rock calls poets to a greater role in public life and fosters a national network of socially engaged poets.,6,6,5,130,0,296090,289374,73250,75,99,0,0,349587,362723,0,0,0,154720,191709,0,25607,126128,244137,280848,435846,68739,-73123,106385,23612,9725,75,96660,23537
0,Split This Rock,2016,SPLIT THIS ROCK CALLS POETS TO A GREATER ROLE IN PUBLIC LIFE AND FOSTERS A NATIONAL NETWORK OF SOCIALLY ENGAGED POETS.,7,7,4,30,0,209720,296090,53422,201,75,0,0,281552,349587,0,0,0,187114,154720,0,22466,164384,126128,351498,280848,-69946,68739,27921,106385,0,9725,27921,96660
0,Springboard,2018,HEADERFILL-NULL,HEADERFILL-NULL,HEADERFILL-NULL,HEADERFILL-NULL,HEADERFILL-NULL,HEADERFILL-NULL,HEADERFILL-NULL,HEADERFILL-NULL,HEADERFILL-NULL,HEADERFILL-NULL,HEADERFILL-NULL,HEADERFILL-NULL,HEADERFILL-NULL,HEADERFILL-NULL,HEADERFILL-NULL,HEADERFILL-NULL,HEADERFILL-NULL,HEADERFILL-NULL,HEADERFILL-NULL,HEADERFILL-NULL,HEADERFILL-NULL,HEADERFILL-NULL,HEADERFILL-NULL,HEADERFILL-NULL,HEADERFILL-NULL,HEADERFILL-NULL,HEADERFILL-NULL,HEADERFILL-NULL,HEADERFILL-NULL,HEADERFILL-NULL,HEADERFILL-NULL,HEADERFILL-NULL,15131,15131
0,Springboard,2017,HEADERFILL-NULL,HEADERFILL-NULL,HEADERFILL-NULL,HEADERFILL-NULL,HEADERFILL-NULL,HEADERFILL-NULL,HEADERFILL-NULL,HEADERFILL-NULL,HEADERFILL-NULL,HEADERFILL-NULL,HEADERFILL-NULL,HEADERFILL-NULL,HEADERFILL-NULL,HEADERFILL-NULL,HEADERFILL-NULL,HEADERFILL-NULL,HEADERFILL-NULL,HEADERFILL-NULL,HEADERFILL-NULL,HEADERFILL-NULL,HEADERFILL-NULL,HEADERFILL-NULL,HEADERFILL-NULL,HEADERFILL-NULL,HEADERFILL-NULL,HEADERFILL-NULL,HEADERFILL-NULL,HEADERFILL-NULL,HEADERFILL-NULL,HEADERFILL-NULL,HEADERFILL-NULL,HEADERFILL-NULL,4428,-5465
0,Springboard,2016,HEADERFILL-NULL,HEADERFILL-NULL,HEADERFILL-NULL,HEADERFILL-NULL,HEADERFILL-NULL,HEADERFILL-NULL,HEADERFILL-NULL,HEADERFILL-NULL,HEADERFILL-NULL,HEADERFILL-NULL,HEADERFILL-NULL,HEADERFILL-NULL,HEADERFILL-NULL,HEADERFILL-NULL,HEADERFILL-NULL,HEADERFILL-NULL,HEADERFILL-NULL,HEADERFILL-NULL,HEADERFILL-NULL,HEADERFILL-NULL,HEADERFILL-NULL,HEADERFILL-NULL,HEADERFILL-NULL,HEADERFILL-NULL,HEADERFILL-NULL,HEADERFILL-NULL,HEADERFILL-NULL,HEADERFILL-NULL,HEADERFILL-NULL,HEADERFILL-NULL,HEADERFILL-NULL,HEADERFILL-NULL,29550,13953
0,Springboard,2015,"To cultivate vibrant communities by connecting artists with the skills, information, and services they need to make a living and a life.",13,13,15,40,0,2764824,3442165,289361,507,297,51094,20930,2993858,3752753,1008342,1421564,0,678466,670613,0,32860,641409,974141,2328217,3066318,665641,686435,2263954,2938370,940590,967408,1323364,1970962
0,Techbridge,2018,TO HELP NONPROFITS USE TECHNOLOGY TO INCREASE CAPACITY TO SERVE OUR COMMUNITY,28,28,32,220,0,1783530,1581255,2280854,1303,1449,-168620,-243733,3145076,3619825,0,0,0,2006446,2411429,0,509304,1005971,1157213,3012417,3568642,132659,51183,1383679,1466959,206888,232668,1176791,1234291
0,Techbridge,2017,TO HELP NONPROFITS USE TECHNOLOGY TO INCREASE CAPACITY TO SERVE OUR COMMUNITY,28,28,23,240,0,1654059,1783530,1528863,828,1303,-163150,-168620,2872901,3145076,0,0,0,1498722,2006446,0,415256,1177022,1005971,2675744,3012417,197157,132659,1314212,1383679,262580,206888,1051632,1176791
0,Techbridge,2016,TO HELP NONPROFITS USE TECHNOLOGY TO INCREASE CAPACITY TO SERVE OUR COMMUNITY,32,32,15,225,0,1544782,1654059,1381164,291,828,-135133,-163150,2362735,2872901,0,0,0,1128485,1498722,0,388580,1079405,1177022,2207890,2675744,154845,197157,1028576,1314212,174101,262580,854475,1051632
0,Techbridge,2015,"TO EMPOWER GIRLS TO REALIZE THEIR DREAMS THROUGH SCIENCE, TECHNOLOGY, AND ENGINEERING.",8,7,20,300,0,2124082,1623751,486220,3553,739,3317,40139,2309688,2150849,165443,274890,0,1159605,1481941,420,213116,803542,804044,2130454,2561295,179234,-410446,1292897,986869,174684,279102,1118213,707767
0,United Planning Organization,2017,"UNITED PLANNING ORGANIZATION'S MISSION IS TO PLAN, COORDINATE & IMPLEMENT HUMAN SERVICES.",17,17,398,728,0,30434931,30232380,94295,5461,9140,85958,55257,30566184,30391072,4151658,3631158,0,18041135,18126012,0,0,8194757,8438434,30387550,30195604,178634,195468,17423392,16530554,13112445,11987890,4310947,4542664
0,United Planning Organization,2016,"UNITED PLANNING ORGANIZATION'S MISSION IS TO PLAN, COORDINATE & IMPLEMENT HUMAN SERVICES.",18,18,399,509,0,36277037,30434931,39834,396,5461,344002,85958,36678514,30566184,10559838,4151658,0,17228715,18041135,0,0,9045152,8194757,36833705,30387550,-155191,178634,16496801,17423392,12903787,13112445,3593014,4310947
0,United Planning Organization,2015,"UNITED PLANNING ORGANIZATION'S MISSION IS TO PLAN, COORDINATE & IMPLEMENT HUMAN SERVICES.",16,16,412,220,0,37655258,36277037,57079,5301,396,140968,344002,37905287,36678514,10575574,10559838,0,17253104,17228715,0,0,10118769,9045152,37947447,36833705,-42160,-155191,17575481,16496801,13843567,12903787,3731914,3593014
0,Urban Alliance Foundation,2018,"TO EMPOWER UNDER-RESOURCED YOUTH TO ASPIRE, AND SUCCEED THROUGH PAID INTERNSHIPS, AND MENTORSHIP.",18,17,1001,22,0,6660376,4398470,3430446,27999,29677,929,2428,7431729,7861021,41387,36806,0,3058187,3322548,0,600361,3027751,3209296,6127325,6568650,1304404,1292371,5836334,7014059,904886,761853,4931448,6252206
0,Urban Alliance Foundation,2016,"THE FOUNDATION EMPOWERS UNDER-RESOURCED YOUTH TO ASPIRE, WORK AND SUCCEED THROUGH PAID INTERNSHIPS, FORMAL TRAINING, AND MENTORSHIP.",22,21,906,22,0,5427253,6660376,742425,56982,27999,3348,929,6235443,7431729,48371,41387,0,3021828,3058187,0,596352,2693032,3027751,5763231,6127325,472212,1304404,4589838,5836334,916917,904886,3672921,4931448
0,Urban Alliance Foundation,2015,"The Foundation empowers under-resourced youth to aspire, work and succeed through paid internships, formal training, and mentorship.",21,20,950,21,0,5052294,6175113,0,24751,56982,12037,3348,5089082,6235443,44800,48371,0,2500991,3021828,0,573443,2175626,2693032,4721417,5763231,367665,472212,3863123,4589838,988340,1263967,2874783,3325871
0,Washington School for Girls,2018,CLOSE THE EDUCATIONAL GAP AND BROADEN THE EDUCATIONAL OPPORTUNITIES FOR GIRLS FROM ECONOMICALLY DISADVANTAGED COMMUNITIES IN GRADES 3-8.,13,13,40,45,0,3285950,4265810,37130,90032,139557,0,0,3396757,4442497,0,0,0,1946886,2190086,0,424515,1173650,1357712,3120536,3547798,276221,894699,5181086,6274659,44487,57504,5136599,6217155
0,Washington School for Girls,2017,THE WASHINGTON SCHOOL FOR GIRLS SERVES STUDENTS 3RD THROUGH 8TH GRADES WHO ARE AT RISK OF TERMINATING THEIR EDUCATION PREMATURELY.,13,13,38,45,0,2898899,3285950,20775,113747,90032,0,0,3032694,3396757,0,0,0,1529188,1946886,0,442032,914357,1173650,2443545,3120536,589149,276221,4997692,5181086,128496,44487,4869196,5136599
0,Washington School for Girls,2016,THE WASHINGTON SCHOOL FOR GIRLS SERVES STUDENTS 4TH THROUGH 8TH GRADES WHO ARE AT RISK OF TERMINATING THEIR EDUCATION PREMATURELY.,13,13,36,30,0,3091777,2898899,20048,61994,113747,0,0,3175080,3032694,0,0,0,1347501,1529188,0,374983,802104,914357,2149605,2443545,1025475,589149,4361765,4997692,29779,128496,4331986,4869196
0,Washington Urban Debate League,2018,HEADERFILL-NULL,HEADERFILL-NULL,HEADERFILL-NULL,HEADERFILL-NULL,HEADERFILL-NULL,HEADERFILL-NULL,HEADERFILL-NULL,HEADERFILL-NULL,HEADERFILL-NULL,HEADERFILL-NULL,HEADERFILL-NULL,HEADERFILL-NULL,HEADERFILL-NULL,HEADERFILL-NULL,HEADERFILL-NULL,HEADERFILL-NULL,HEADERFILL-NULL,HEADERFILL-NULL,HEADERFILL-NULL,HEADERFILL-NULL,HEADERFILL-NULL,HEADERFILL-NULL,HEADERFILL-NULL,HEADERFILL-NULL,HEADERFILL-NULL,HEADERFILL-NULL,HEADERFILL-NULL,HEADERFILL-NULL,HEADERFILL-NULL,HEADERFILL-NULL,HEADERFILL-NULL,HEADERFILL-NULL,28247,37021
0,Young Ladies of Tomorrow,2017,YOUNG LADIES OF TOMORROW'S MISSION IS TO SERVE AS AN ALTERNATIVE TO THE JUVENILE JUSTICE SYSTEM FOR ADOLESCENT FEMALES FROM UNDERSERVED COMMUNITIES THROUGH A TRAUMA-INFORMED HOLISTIC APPROACH TO YOUTH DEVELOPMENT PROGRAMMING THAT EMPOWERS EACH YOUNG LADY TO SUCCESSFULLY TRANSITION INTO WOMANHOOD.,3,3,4,10,0,233172,147985,165952,0,0,0,0,233172,313937,0,0,0,107588,139100,0,5177,95797,101870,203385,240970,29787,72967,65509,116165,28375,6064,37134,110101
0,Young Ladies of Tomorrow,2016,See Schedule O,5,5,1,9,0,193966,233172,0,4,0,HEADERFILL-NULL,0,193970,233172,HEADERFILL-NULL,0,0,143667,107588,0,35,70050,95797,213717,203385,-19747,29787,8973,65509,1555,28375,7418,37134
0,Young Ladies of Tomorrow,2015,"PROVIDE A SAFE HAVEN AND ALTERNATIVES FOR FEMALE ADOLESCENTS ENTERING THE JUVENILE JUSTICE SYSTEM BY HARNESSING THE VALUES OF COMPASSION AND RESPECT FOR EACH OF THE GIRLS; RESTORE THE FUNDAMENTAL PRINCIPLES OF RESPECT FOR HUMAN DIGINITY, AND BUILD A STRONGER AND MORE DECENT LOCAL COMMUNITY.",4,3,3,HEADERFILL-NULL,0,275469,193966,0,4,4,HEADERFILL-NULL,0,275473,193970,HEADERFILL-NULL,0,0,147442,143667,0,228,121042,70050,268484,213717,6989,-19747,31102,8973,3937,1555,27165,7418
0,Youth Leadership Foundation,2018,HEADERFILL-NULL,HEADERFILL-NULL,HEADERFILL-NULL,HEADERFILL-NULL,HEADERFILL-NULL,HEADERFILL-NULL,HEADERFILL-NULL,HEADERFILL-NULL,HEADERFILL-NULL,HEADERFILL-NULL,HEADERFILL-NULL,HEADERFILL-NULL,HEADERFILL-NULL,HEADERFILL-NULL,HEADERFILL-NULL,HEADERFILL-NULL,HEADERFILL-NULL,HEADERFILL-NULL,HEADERFILL-NULL,HEADERFILL-NULL,HEADERFILL-NULL,HEADERFILL-NULL,HEADERFILL-NULL,HEADERFILL-NULL,HEADERFILL-NULL,HEADERFILL-NULL,HEADERFILL-NULL,HEADERFILL-NULL,HEADERFILL-NULL,HEADERFILL-NULL,HEADERFILL-NULL,HEADERFILL-NULL,38436,38926
0,Youth Leadership Foundation,2018,HEADERFILL-NULL,HEADERFILL-NULL,HEADERFILL-NULL,HEADERFILL-NULL,HEADERFILL-NULL,HEADERFILL-NULL,HEADERFILL-NULL,HEADERFILL-NULL,HEADERFILL-NULL,HEADERFILL-NULL,HEADERFILL-NULL,HEADERFILL-NULL,HEADERFILL-NULL,HEADERFILL-NULL,HEADERFILL-NULL,HEADERFILL-NULL,HEADERFILL-NULL,HEADERFILL-NULL,HEADERFILL-NULL,HEADERFILL-NULL,HEADERFILL-NULL,HEADERFILL-NULL,HEADERFILL-NULL,HEADERFILL-NULL,HEADERFILL-NULL,HEADERFILL-NULL,HEADERFILL-NULL,HEADERFILL-NULL,HEADERFILL-NULL,HEADERFILL-NULL,HEADERFILL-NULL,HEADERFILL-NULL,38436,38926
0,Youth Leadership Foundation,2017,THE LA BUENA VIDA FOUNDATIONS MISSION IS TO IMPROVE THE LIVES OF UNDER-PRIVILEGED YOUTH IN NEED THROUGH A VARIETY OF CHARITABLE PROGRAMS TO INCLUDE LEADERSHIP DEVELOPMENT AND HIGHER EDUCATION OPPORTUNITIES.,12,12,2,0,0,72225,574868,0,HEADERFILL-NULL,0,HEADERFILL-NULL,0,63134,574868,HEADERFILL-NULL,0,0,HEADERFILL-NULL,96534,0,53059,64353,58841,64353,155375,-1219,419493,163918,578412,HEADERFILL-NULL,0,163918,578412
0,Youth Leadership Foundation,2017,THE LA BUENA VIDA FOUNDATIONS MISSION IS TO IMPROVE THE LIVES OF UNDER-PRIVILEGED YOUTH IN NEED THROUGH A VARIETY OF CHARITABLE PROGRAMS TO INCLUDE LEADERSHIP DEVELOPMENT AND HIGHER EDUCATION OPPORTUNITIES.,12,12,2,0,0,72225,574868,0,HEADERFILL-NULL,0,HEADERFILL-NULL,0,63134,574868,HEADERFILL-NULL,0,0,HEADERFILL-NULL,96534,0,53059,64353,58841,64353,155375,-1219,419493,163918,578412,HEADERFILL-NULL,0,163918,578412
0,Youth Leadership Foundation,2016,HEADERFILL-NULL,HEADERFILL-NULL,HEADERFILL-NULL,HEADERFILL-NULL,HEADERFILL-NULL,HEADERFILL-NULL,HEADERFILL-NULL,HEADERFILL-NULL,HEADERFILL-NULL,HEADERFILL-NULL,HEADERFILL-NULL,HEADERFILL-NULL,HEADERFILL-NULL,HEADERFILL-NULL,HEADERFILL-NULL,HEADERFILL-NULL,HEADERFILL-NULL,HEADERFILL-NULL,HEADERFILL-NULL,HEADERFILL-NULL,HEADERFILL-NULL,HEADERFILL-NULL,HEADERFILL-NULL,HEADERFILL-NULL,HEADERFILL-NULL,HEADERFILL-NULL,HEADERFILL-NULL,HEADERFILL-NULL,HEADERFILL-NULL,HEADERFILL-NULL,HEADERFILL-NULL,HEADERFILL-NULL,37418,38623
0,Youth Leadership Foundation,2016,HEADERFILL-NULL,HEADERFILL-NULL,HEADERFILL-NULL,HEADERFILL-NULL,HEADERFILL-NULL,HEADERFILL-NULL,HEADERFILL-NULL,HEADERFILL-NULL,HEADERFILL-NULL,HEADERFILL-NULL,HEADERFILL-NULL,HEADERFILL-NULL,HEADERFILL-NULL,HEADERFILL-NULL,HEADERFILL-NULL,HEADERFILL-NULL,HEADERFILL-NULL,HEADERFILL-NULL,HEADERFILL-NULL,HEADERFILL-NULL,HEADERFILL-NULL,HEADERFILL-NULL,HEADERFILL-NULL,HEADERFILL-NULL,HEADERFILL-NULL,HEADERFILL-NULL,HEADERFILL-NULL,HEADERFILL-NULL,HEADERFILL-NULL,HEADERFILL-NULL,HEADERFILL-NULL,HEADERFILL-NULL,37418,38623
0,Youth Leadership Foundation,2015,HEADERFILL-NULL,HEADERFILL-NULL,HEADERFILL-NULL,HEADERFILL-NULL,HEADERFILL-NULL,HEADERFILL-NULL,HEADERFILL-NULL,HEADERFILL-NULL,HEADERFILL-NULL,HEADERFILL-NULL,HEADERFILL-NULL,HEADERFILL-NULL,HEADERFILL-NULL,HEADERFILL-NULL,HEADERFILL-NULL,HEADERFILL-NULL,HEADERFILL-NULL,HEADERFILL-NULL,HEADERFILL-NULL,HEADERFILL-NULL,HEADERFILL-NULL,HEADERFILL-NULL,HEADERFILL-NULL,HEADERFILL-NULL,HEADERFILL-NULL,HEADERFILL-NULL,HEADERFILL-NULL,HEADERFILL-NULL,497529,502891,0,0,HEADERFILL-NULL,HEADERFILL-NULL
0,Youth Leadership Foundation,2015,HEADERFILL-NULL,HEADERFILL-NULL,HEADERFILL-NULL,HEADERFILL-NULL,HEADERFILL-NULL,HEADERFILL-NULL,HEADERFILL-NULL,HEADERFILL-NULL,HEADERFILL-NULL,HEADERFILL-NULL,HEADERFILL-NULL,HEADERFILL-NULL,HEADERFILL-NULL,HEADERFILL-NULL,HEADERFILL-NULL,HEADERFILL-NULL,HEADERFILL-NULL,HEADERFILL-NULL,HEADERFILL-NULL,HEADERFILL-NULL,HEADERFILL-NULL,HEADERFILL-NULL,HEADERFILL-NULL,HEADERFILL-NULL,HEADERFILL-NULL,HEADERFILL-NULL,HEADERFILL-NULL,HEADERFILL-NULL,497529,502891,0,0,HEADERFILL-NULL,HEADERFILL-NULL
0,Zenith Community Arts Foundation,2015,HEADERFILL-NULL,HEADERFILL-NULL,HEADERFILL-NULL,HEADERFILL-NULL,HEADERFILL-NULL,HEADERFILL-NULL,HEADERFILL-NULL,HEADERFILL-NULL,HEADERFILL-NULL,HEADERFILL-NULL,HEADERFILL-NULL,HEADERFILL-NULL,HEADERFILL-NULL,HEADERFILL-NULL,HEADERFILL-NULL,HEADERFILL-NULL,HEADERFILL-NULL,HEADERFILL-NULL,HEADERFILL-NULL,HEADERFILL-NULL,HEADERFILL-NULL,HEADERFILL-NULL,HEADERFILL-NULL,HEADERFILL-NULL,HEADERFILL-NULL,HEADERFILL-NULL,HEADERFILL-NULL,HEADERFILL-NULL,HEADERFILL-NULL,HEADERFILL-NULL,HEADERFILL-NULL,HEADERFILL-NULL,194316,206257
